2024-12-05 04:17:51,545 INFO  [org.jboss.modules] (main) JBoss Modules version 2.1.5.Final
2024-12-05 04:17:52,074 INFO  [org.jboss.msc] (main) JBoss MSC version 1.5.5.Final
2024-12-05 04:17:52,078 INFO  [org.jboss.threads] (main) JBoss Threads version 2.4.0.Final
2024-12-05 04:17:52,119 INFO  [org.jboss.as] (MSC service thread 1-1) WFLYSRV0049: WildFly 34.0.1.Final (WildFly Core 26.0.1.Final) starting
2024-12-05 04:17:52,120 DEBUG [org.jboss.as.config] (MSC service thread 1-1) Configured system properties:
	[Standalone] = 
	apple.awt.application.name = Main
	file.encoding = UTF-8
	file.separator = /
	java.awt.headless = true
	java.class.path = /Users/main/Documents/GitHub/Web-Programming/Laba2/wildfly-34.0.1.Final/jboss-modules.jar
	java.class.version = 67.0
	java.home = /Users/main/Library/Java/JavaVirtualMachines/openjdk-23/Contents/Home
	java.io.tmpdir = /var/folders/ds/zwbkmf6j2x98w6ym14xpxl7w0000gn/T/
	java.library.path = /Users/main/Library/Java/Extensions:/Library/Java/Extensions:/Network/Library/Java/Extensions:/System/Library/Java/Extensions:/usr/lib/java:.
	java.net.preferIPv4Stack = true
	java.runtime.name = OpenJDK Runtime Environment
	java.runtime.version = 23+37-2369
	java.security.manager = allow
	java.specification.name = Java Platform API Specification
	java.specification.vendor = Oracle Corporation
	java.specification.version = 23
	java.util.logging.manager = org.jboss.logmanager.LogManager
	java.vendor = Oracle Corporation
	java.vendor.url = https://java.oracle.com/
	java.vendor.url.bug = https://bugreport.java.com/bugreport/
	java.version = 23
	java.version.date = 2024-09-17
	java.vm.compressedOopsMode = Zero based
	java.vm.info = mixed mode, sharing
	java.vm.name = OpenJDK 64-Bit Server VM
	java.vm.specification.name = Java Virtual Machine Specification
	java.vm.specification.vendor = Oracle Corporation
	java.vm.specification.version = 23
	java.vm.vendor = Oracle Corporation
	java.vm.version = 23+37-2369
	javax.management.builder.initial = org.jboss.as.jmx.PluggableMBeanServerBuilder
	jboss.home.dir = /Users/main/Documents/GitHub/Web-Programming/Laba2/wildfly-34.0.1.Final
	jboss.host.name = macbook-air-vladsmorodin
	jboss.modules.system.pkgs = org.jboss.byteman
	jboss.node.name = macbook-air-vladsmorodin
	jboss.qualified.host.name = macbook-air-vladsmorodin.local
	jboss.server.base.dir = /Users/main/Documents/GitHub/Web-Programming/Laba2/wildfly-34.0.1.Final/standalone
	jboss.server.config.dir = /Users/main/Documents/GitHub/Web-Programming/Laba2/wildfly-34.0.1.Final/standalone/configuration
	jboss.server.data.dir = /Users/main/Documents/GitHub/Web-Programming/Laba2/wildfly-34.0.1.Final/standalone/data
	jboss.server.log.dir = /Users/main/Documents/GitHub/Web-Programming/Laba2/wildfly-34.0.1.Final/standalone/log
	jboss.server.name = macbook-air-vladsmorodin
	jboss.server.persist.config = true
	jboss.server.temp.dir = /Users/main/Documents/GitHub/Web-Programming/Laba2/wildfly-34.0.1.Final/standalone/tmp
	jdk.debug = release
	jdk.serialFilter = maxbytes=10485760;maxdepth=128;maxarray=100000;maxrefs=300000
	line.separator = 

	logging.configuration = file:/Users/main/Documents/GitHub/Web-Programming/Laba2/wildfly-34.0.1.Final/standalone/configuration/logging.properties
	module.path = /Users/main/Documents/GitHub/Web-Programming/Laba2/wildfly-34.0.1.Final/modules
	native.encoding = UTF-8
	org.jboss.boot.log.file = /Users/main/Documents/GitHub/Web-Programming/Laba2/wildfly-34.0.1.Final/standalone/log/server.log
	org.jboss.resolver.warning = true
	os.arch = aarch64
	os.name = Mac OS X
	os.version = 14.3.1
	path.separator = :
	stderr.encoding = UTF-8
	stdout.encoding = UTF-8
	sun.arch.data.model = 64
	sun.boot.library.path = /Users/main/Library/Java/JavaVirtualMachines/openjdk-23/Contents/Home/lib
	sun.cpu.endian = little
	sun.io.unicode.encoding = UnicodeBig
	sun.java.command = /Users/main/Documents/GitHub/Web-Programming/Laba2/wildfly-34.0.1.Final/jboss-modules.jar -mp /Users/main/Documents/GitHub/Web-Programming/Laba2/wildfly-34.0.1.Final/modules org.jboss.as.standalone -Djboss.home.dir=/Users/main/Documents/GitHub/Web-Programming/Laba2/wildfly-34.0.1.Final -Djboss.server.base.dir=/Users/main/Documents/GitHub/Web-Programming/Laba2/wildfly-34.0.1.Final/standalone
	sun.java.launcher = SUN_STANDARD
	sun.jnu.encoding = UTF-8
	sun.management.compiler = HotSpot 64-Bit Tiered Compilers
	user.country = RU
	user.dir = /Users/main/Documents/GitHub/Web-Programming/Laba2/wildfly-34.0.1.Final/bin
	user.home = /Users/main
	user.language = ru
	user.name = main
	user.timezone = Europe/Moscow
2024-12-05 04:17:52,120 DEBUG [org.jboss.as.config] (MSC service thread 1-1) VM Arguments: -D[Standalone] -Djdk.serialFilter=maxbytes=10485760;maxdepth=128;maxarray=100000;maxrefs=300000 -Xms64m -Xmx512m -XX:MetaspaceSize=96M -XX:MaxMetaspaceSize=256m -Djava.net.preferIPv4Stack=true -Djboss.modules.system.pkgs=org.jboss.byteman -Djava.awt.headless=true --add-exports=java.desktop/sun.awt=ALL-UNNAMED --add-exports=java.naming/com.sun.jndi.ldap=ALL-UNNAMED --add-exports=java.naming/com.sun.jndi.url.ldap=ALL-UNNAMED --add-exports=java.naming/com.sun.jndi.url.ldaps=ALL-UNNAMED --add-exports=jdk.naming.dns/com.sun.jndi.dns=ALL-UNNAMED --add-opens=java.base/java.lang=ALL-UNNAMED --add-opens=java.base/java.lang.invoke=ALL-UNNAMED --add-opens=java.base/java.lang.reflect=ALL-UNNAMED --add-opens=java.base/java.io=ALL-UNNAMED --add-opens=java.base/java.net=ALL-UNNAMED --add-opens=java.base/java.security=ALL-UNNAMED --add-opens=java.base/java.util=ALL-UNNAMED --add-opens=java.base/java.util.concurrent=ALL-UNNAMED --add-opens=java.management/javax.management=ALL-UNNAMED --add-opens=java.naming/javax.naming=ALL-UNNAMED -Djava.security.manager=allow -Dorg.jboss.boot.log.file=/Users/main/Documents/GitHub/Web-Programming/Laba2/wildfly-34.0.1.Final/standalone/log/server.log -Dlogging.configuration=file:/Users/main/Documents/GitHub/Web-Programming/Laba2/wildfly-34.0.1.Final/standalone/configuration/logging.properties 
2024-12-05 04:17:52,433 INFO  [org.wildfly.security] (Controller Boot Thread) ELY00001: WildFly Elytron version 2.6.0.Final
2024-12-05 04:17:52,622 INFO  [org.jboss.as.repository] (ServerService Thread Pool -- 29) WFLYDR0001: Content added at location /Users/main/Documents/GitHub/Web-Programming/Laba2/wildfly-34.0.1.Final/standalone/data/content/d3/23060526fd71a42dba74f91e6b6fc575ef1c07/content
2024-12-05 04:17:52,635 INFO  [org.jboss.as.server] (Controller Boot Thread) WFLYSRV0039: Creating http management service using socket-binding (management-http)
2024-12-05 04:17:52,640 INFO  [org.xnio] (MSC service thread 1-1) XNIO version 3.8.16.Final
2024-12-05 04:17:52,643 INFO  [org.xnio.nio] (MSC service thread 1-1) XNIO NIO Implementation Version 3.8.16.Final
2024-12-05 04:17:52,654 INFO  [org.wildfly.extension.elytron.oidc._private] (ServerService Thread Pool -- 53) WFLYOIDC0001: Activating WildFly Elytron OIDC Subsystem
2024-12-05 04:17:52,654 INFO  [org.jboss.as.clustering.infinispan] (ServerService Thread Pool -- 55) WFLYCLINF0001: Activating Infinispan subsystem.
2024-12-05 04:17:52,660 INFO  [org.wildfly.extension.health] (ServerService Thread Pool -- 54) WFLYHEALTH0001: Activating Base Health Subsystem
2024-12-05 04:17:52,664 INFO  [org.wildfly.extension.microprofile.jwt.smallrye] (ServerService Thread Pool -- 66) WFLYJWT0001: Activating MicroProfile JWT Subsystem
2024-12-05 04:17:52,663 INFO  [org.wildfly.extension.io] (ServerService Thread Pool -- 56) WFLYIO001: Worker 'default' has auto-configured to 16 IO threads with 128 max task threads based on your 8 available processors
2024-12-05 04:17:52,668 INFO  [org.wildfly.extension.microprofile.config.smallrye] (ServerService Thread Pool -- 65) WFLYCONF0001: Activating MicroProfile Config Subsystem
2024-12-05 04:17:52,669 INFO  [org.jboss.as.jaxrs] (ServerService Thread Pool -- 57) WFLYRS0016: RESTEasy version 6.2.11.Final
2024-12-05 04:17:52,669 INFO  [org.jboss.as.jsf] (ServerService Thread Pool -- 62) WFLYJSF0007: Activated the following Jakarta Server Faces Implementations: [main]
2024-12-05 04:17:52,670 INFO  [org.jboss.as.naming] (ServerService Thread Pool -- 67) WFLYNAM0001: Activating Naming Subsystem
2024-12-05 04:17:52,672 INFO  [org.jboss.as.connector] (MSC service thread 1-2) WFLYJCA0009: Starting Jakarta Connectors Subsystem (WildFly/IronJacamar 3.0.10.Final)
2024-12-05 04:17:52,674 INFO  [org.wildfly.extension.metrics] (ServerService Thread Pool -- 64) WFLYMETRICS0001: Activating Base Metrics Subsystem
2024-12-05 04:17:52,674 INFO  [org.jboss.as.server.deployment] (MSC service thread 1-3) WFLYSRV0027: Starting deployment of "Laba2.war" (runtime-name: "Laba2.war")
2024-12-05 04:17:52,683 WARN  [org.jboss.as.txn] (ServerService Thread Pool -- 74) WFLYTX0013: The node-identifier attribute on the /subsystem=transactions is set to the default value. This is a danger for environments running multiple servers. Please make sure the attribute value is unique.
2024-12-05 04:17:52,688 INFO  [org.jboss.remoting] (MSC service thread 1-5) JBoss Remoting version 5.0.29.Final
2024-12-05 04:17:52,689 INFO  [org.jboss.as.connector.subsystems.datasources] (ServerService Thread Pool -- 44) WFLYJCA0004: Deploying JDBC-compliant driver class org.h2.Driver (version 2.2)
2024-12-05 04:17:52,694 INFO  [org.jboss.as.connector.deployers.jdbc] (MSC service thread 1-3) WFLYJCA0018: Started Driver service with driver-name = h2
2024-12-05 04:17:52,694 INFO  [org.jboss.as.webservices] (ServerService Thread Pool -- 76) WFLYWS0002: Activating WebServices Extension
2024-12-05 04:17:52,700 INFO  [org.jboss.as.naming] (MSC service thread 1-7) WFLYNAM0003: Starting Naming Service
2024-12-05 04:17:52,700 INFO  [org.jboss.as.mail.extension] (MSC service thread 1-7) WFLYMAIL0001: Bound mail session [java:jboss/mail/Default]
2024-12-05 04:17:52,714 WARN  [org.wildfly.extension.elytron] (MSC service thread 1-6) WFLYELY00023: KeyStore file '/Users/main/Documents/GitHub/Web-Programming/Laba2/wildfly-34.0.1.Final/standalone/configuration/application.keystore' does not exist. Used blank.
2024-12-05 04:17:52,721 INFO  [org.wildfly.extension.undertow] (MSC service thread 1-4) WFLYUT0003: Undertow 2.3.18.Final starting
2024-12-05 04:17:52,722 WARN  [org.wildfly.extension.elytron] (MSC service thread 1-1) WFLYELY01084: KeyStore /Users/main/Documents/GitHub/Web-Programming/Laba2/wildfly-34.0.1.Final/standalone/configuration/application.keystore not found, it will be auto-generated on first use with a self-signed certificate for host localhost
2024-12-05 04:17:52,742 INFO  [org.jboss.as.ejb3] (MSC service thread 1-7) WFLYEJB0481: Strict pool slsb-strict-max-pool is using a max instance size of 128 (per class), which is derived from thread worker pool sizing.
2024-12-05 04:17:52,742 INFO  [org.jboss.as.ejb3] (MSC service thread 1-3) WFLYEJB0482: Strict pool mdb-strict-max-pool is using a max instance size of 32 (per class), which is derived from the number of CPUs on this host.
2024-12-05 04:17:52,749 INFO  [org.wildfly.extension.undertow] (ServerService Thread Pool -- 75) WFLYUT0014: Creating file handler for path '/Users/main/Documents/GitHub/Web-Programming/Laba2/wildfly-34.0.1.Final/welcome-content' with options [directory-listing: 'false', follow-symlink: 'false', case-sensitive: 'true', safe-symlink-paths: '[]']
2024-12-05 04:17:52,757 INFO  [org.wildfly.extension.undertow] (MSC service thread 1-4) WFLYUT0012: Started server default-server.
2024-12-05 04:17:52,758 INFO  [org.wildfly.extension.undertow] (MSC service thread 1-7) Queuing requests.
2024-12-05 04:17:52,759 INFO  [org.wildfly.extension.undertow] (MSC service thread 1-7) WFLYUT0018: Host default-host starting
2024-12-05 04:17:52,815 INFO  [org.jboss.as.ejb3] (MSC service thread 1-1) WFLYEJB0493: Jakarta Enterprise Beans subsystem suspension complete
2024-12-05 04:17:52,819 INFO  [org.jboss.as.server.deployment.scanner] (MSC service thread 1-4) WFLYDS0013: Started FileSystemDeploymentService for directory /Users/main/Documents/GitHub/Web-Programming/Laba2/wildfly-34.0.1.Final/standalone/deployments
2024-12-05 04:17:52,827 INFO  [org.wildfly.extension.undertow] (MSC service thread 1-6) WFLYUT0006: Undertow HTTPS listener https listening on 0.0.0.0:23012
2024-12-05 04:17:52,827 INFO  [org.wildfly.extension.undertow] (MSC service thread 1-8) WFLYUT0006: Undertow HTTP listener default listening on 0.0.0.0:22012
2024-12-05 04:17:52,838 INFO  [org.jboss.as.connector.subsystems.datasources] (MSC service thread 1-2) WFLYJCA0001: Bound data source [java:jboss/datasources/ExampleDS]
2024-12-05 04:17:52,871 INFO  [org.jboss.ws.common.management] (MSC service thread 1-3) JBWS022052: Starting JBossWS 7.2.0.Final (Apache CXF 4.0.5) 
2024-12-05 04:17:53,261 ERROR [org.jboss.msc.service.fail] (MSC service thread 1-1) MSC000001: Failed to start null: org.jboss.msc.service.StartException in anonymous service: Failed to start service
	at org.jboss.msc@1.5.5.Final//org.jboss.msc.service.ServiceControllerImpl$StartTask.execute(ServiceControllerImpl.java:1609)
	at org.jboss.msc@1.5.5.Final//org.jboss.msc.service.ServiceControllerImpl$ControllerTask.run(ServiceControllerImpl.java:1438)
	at org.jboss.threads@2.4.0.Final//org.jboss.threads.ContextClassLoaderSavingRunnable.run(ContextClassLoaderSavingRunnable.java:35)
	at org.jboss.threads@2.4.0.Final//org.jboss.threads.EnhancedQueueExecutor.safeRun(EnhancedQueueExecutor.java:1990)
	at org.jboss.threads@2.4.0.Final//org.jboss.threads.EnhancedQueueExecutor$ThreadBody.doRunTask(EnhancedQueueExecutor.java:1486)
	at org.jboss.threads@2.4.0.Final//org.jboss.threads.EnhancedQueueExecutor$ThreadBody.run(EnhancedQueueExecutor.java:1363)
	at java.base/java.lang.Thread.run(Thread.java:1575)
Caused by: java.lang.IllegalArgumentException: UT010009: Servlet ControllerServlet of type class servlets.ControllerServlet does not implement jakarta.servlet.Servlet
	at io.undertow.servlet@2.3.18.Final//io.undertow.servlet.api.ServletInfo.<init>(ServletInfo.java:98)
	at org.wildfly.extension.undertow@34.0.1.Final//org.wildfly.extension.undertow.deployment.UndertowDeploymentInfoService.createServletConfig(UndertowDeploymentInfoService.java:638)
	at org.wildfly.extension.undertow@34.0.1.Final//org.wildfly.extension.undertow.deployment.UndertowDeploymentInfoService.start(UndertowDeploymentInfoService.java:270)
	at org.jboss.msc@1.5.5.Final//org.jboss.msc.service.ServiceControllerImpl$StartTask.startService(ServiceControllerImpl.java:1617)
	at org.jboss.msc@1.5.5.Final//org.jboss.msc.service.ServiceControllerImpl$StartTask.execute(ServiceControllerImpl.java:1580)
	... 6 more

2024-12-05 04:17:53,263 ERROR [org.jboss.as.controller.management-operation] (Controller Boot Thread) WFLYCTL0013: Operation ("deploy") failed - address: ([("deployment" => "Laba2.war")]) - failure description: {"WFLYCTL0080: Failed services" => {"jboss.deployment.unit.\"Laba2.war\".undertow-deployment.UndertowDeploymentInfoService" => "Failed to start service
    Caused by: java.lang.IllegalArgumentException: UT010009: Servlet ControllerServlet of type class servlets.ControllerServlet does not implement jakarta.servlet.Servlet"}}
2024-12-05 04:17:53,283 INFO  [org.jboss.as.server] (ServerService Thread Pool -- 45) WFLYSRV0010: Deployed "Laba2.war" (runtime-name : "Laba2.war")
2024-12-05 04:17:53,284 INFO  [org.jboss.as.controller] (Controller Boot Thread) WFLYCTL0183: Service status report
WFLYCTL0186:   Services which failed to start:      service jboss.deployment.unit."Laba2.war".undertow-deployment.UndertowDeploymentInfoService: Failed to start service
WFLYCTL0448: 2 additional services are down due to their dependencies being missing or failed
2024-12-05 04:17:53,297 INFO  [org.jboss.as.server] (Controller Boot Thread) WFLYSRV0212: Resuming server
2024-12-05 04:17:53,299 INFO  [org.jboss.as] (Controller Boot Thread) WFLYSRV0060: Http management interface listening on http://127.0.0.1:24012/management
2024-12-05 04:17:53,299 INFO  [org.jboss.as] (Controller Boot Thread) WFLYSRV0051: Admin console listening on http://127.0.0.1:24012
2024-12-05 04:17:53,300 ERROR [org.jboss.as] (Controller Boot Thread) WFLYSRV0026: WildFly 34.0.1.Final (WildFly Core 26.0.1.Final) started (with errors) in 2116ms - Started 402 of 613 services (4 services failed or missing dependencies, 327 services are lazy, passive or on-demand) - Server configuration file in use: standalone.xml - Minimum feature stability level: community
2024-12-05 04:23:15,995 INFO  [org.jboss.as.server] (Thread-1) WFLYSRV0272: Suspending server
2024-12-05 04:23:16,016 INFO  [org.jboss.as.ejb3] (Thread-1) WFLYEJB0493: Jakarta Enterprise Beans subsystem suspension complete
2024-12-05 04:23:16,022 INFO  [org.jboss.as.server] (Thread-1) WFLYSRV0220: Server shutdown has been requested via an OS signal
2024-12-05 04:23:16,035 INFO  [org.jboss.as.mail.extension] (MSC service thread 1-6) WFLYMAIL0002: Unbound mail session [java:jboss/mail/Default]
2024-12-05 04:23:16,044 INFO  [org.wildfly.extension.undertow] (MSC service thread 1-4) WFLYUT0019: Host default-host stopping
2024-12-05 04:23:16,046 INFO  [org.jboss.as.connector.subsystems.datasources] (MSC service thread 1-4) WFLYJCA0010: Unbound data source [java:jboss/datasources/ExampleDS]
2024-12-05 04:23:16,050 INFO  [org.jboss.as.connector.deployers.jdbc] (MSC service thread 1-3) WFLYJCA0019: Stopped Driver service with driver-name = h2
2024-12-05 04:23:16,069 INFO  [org.wildfly.extension.undertow] (MSC service thread 1-6) WFLYUT0008: Undertow HTTP listener default suspending
2024-12-05 04:23:16,070 INFO  [org.wildfly.extension.undertow] (MSC service thread 1-8) WFLYUT0008: Undertow HTTPS listener https suspending
2024-12-05 04:23:16,070 INFO  [org.wildfly.extension.undertow] (MSC service thread 1-6) WFLYUT0007: Undertow HTTP listener default stopped, was bound to 0.0.0.0:22012
2024-12-05 04:23:16,070 INFO  [org.wildfly.extension.undertow] (MSC service thread 1-8) WFLYUT0007: Undertow HTTPS listener https stopped, was bound to 0.0.0.0:23012
2024-12-05 04:23:16,071 INFO  [org.wildfly.extension.undertow] (MSC service thread 1-7) WFLYUT0004: Undertow 2.3.18.Final stopping
2024-12-05 04:23:16,077 INFO  [org.jboss.as.server.deployment] (MSC service thread 1-5) WFLYSRV0028: Stopped deployment Laba2.war (runtime-name: Laba2.war) in 48ms
2024-12-05 04:23:16,080 INFO  [org.jboss.as] (MSC service thread 1-3) WFLYSRV0050: WildFly 34.0.1.Final (WildFly Core 26.0.1.Final) stopped in 50ms
2024-12-05 04:23:55,040 INFO  [org.jboss.modules] (main) JBoss Modules version 2.1.5.Final
2024-12-05 04:23:55,582 INFO  [org.jboss.msc] (main) JBoss MSC version 1.5.5.Final
2024-12-05 04:23:55,585 INFO  [org.jboss.threads] (main) JBoss Threads version 2.4.0.Final
2024-12-05 04:23:55,628 INFO  [org.jboss.as] (MSC service thread 1-1) WFLYSRV0049: WildFly 34.0.1.Final (WildFly Core 26.0.1.Final) starting
2024-12-05 04:23:55,629 DEBUG [org.jboss.as.config] (MSC service thread 1-1) Configured system properties:
	[Standalone] = 
	apple.awt.application.name = Main
	file.encoding = UTF-8
	file.separator = /
	java.awt.headless = true
	java.class.path = /Users/main/Documents/GitHub/Web-Programming/Laba2/wildfly-34.0.1.Final/jboss-modules.jar
	java.class.version = 67.0
	java.home = /Users/main/Library/Java/JavaVirtualMachines/openjdk-23/Contents/Home
	java.io.tmpdir = /var/folders/ds/zwbkmf6j2x98w6ym14xpxl7w0000gn/T/
	java.library.path = /Users/main/Library/Java/Extensions:/Library/Java/Extensions:/Network/Library/Java/Extensions:/System/Library/Java/Extensions:/usr/lib/java:.
	java.net.preferIPv4Stack = true
	java.runtime.name = OpenJDK Runtime Environment
	java.runtime.version = 23+37-2369
	java.security.manager = allow
	java.specification.name = Java Platform API Specification
	java.specification.vendor = Oracle Corporation
	java.specification.version = 23
	java.util.logging.manager = org.jboss.logmanager.LogManager
	java.vendor = Oracle Corporation
	java.vendor.url = https://java.oracle.com/
	java.vendor.url.bug = https://bugreport.java.com/bugreport/
	java.version = 23
	java.version.date = 2024-09-17
	java.vm.compressedOopsMode = Zero based
	java.vm.info = mixed mode, sharing
	java.vm.name = OpenJDK 64-Bit Server VM
	java.vm.specification.name = Java Virtual Machine Specification
	java.vm.specification.vendor = Oracle Corporation
	java.vm.specification.version = 23
	java.vm.vendor = Oracle Corporation
	java.vm.version = 23+37-2369
	javax.management.builder.initial = org.jboss.as.jmx.PluggableMBeanServerBuilder
	jboss.home.dir = /Users/main/Documents/GitHub/Web-Programming/Laba2/wildfly-34.0.1.Final
	jboss.host.name = macbook-air-vladsmorodin
	jboss.modules.system.pkgs = org.jboss.byteman
	jboss.node.name = macbook-air-vladsmorodin
	jboss.qualified.host.name = macbook-air-vladsmorodin.local
	jboss.server.base.dir = /Users/main/Documents/GitHub/Web-Programming/Laba2/wildfly-34.0.1.Final/standalone
	jboss.server.config.dir = /Users/main/Documents/GitHub/Web-Programming/Laba2/wildfly-34.0.1.Final/standalone/configuration
	jboss.server.data.dir = /Users/main/Documents/GitHub/Web-Programming/Laba2/wildfly-34.0.1.Final/standalone/data
	jboss.server.log.dir = /Users/main/Documents/GitHub/Web-Programming/Laba2/wildfly-34.0.1.Final/standalone/log
	jboss.server.name = macbook-air-vladsmorodin
	jboss.server.persist.config = true
	jboss.server.temp.dir = /Users/main/Documents/GitHub/Web-Programming/Laba2/wildfly-34.0.1.Final/standalone/tmp
	jdk.debug = release
	jdk.serialFilter = maxbytes=10485760;maxdepth=128;maxarray=100000;maxrefs=300000
	line.separator = 

	logging.configuration = file:/Users/main/Documents/GitHub/Web-Programming/Laba2/wildfly-34.0.1.Final/standalone/configuration/logging.properties
	module.path = /Users/main/Documents/GitHub/Web-Programming/Laba2/wildfly-34.0.1.Final/modules
	native.encoding = UTF-8
	org.jboss.boot.log.file = /Users/main/Documents/GitHub/Web-Programming/Laba2/wildfly-34.0.1.Final/standalone/log/server.log
	org.jboss.resolver.warning = true
	os.arch = aarch64
	os.name = Mac OS X
	os.version = 14.3.1
	path.separator = :
	stderr.encoding = UTF-8
	stdout.encoding = UTF-8
	sun.arch.data.model = 64
	sun.boot.library.path = /Users/main/Library/Java/JavaVirtualMachines/openjdk-23/Contents/Home/lib
	sun.cpu.endian = little
	sun.io.unicode.encoding = UnicodeBig
	sun.java.command = /Users/main/Documents/GitHub/Web-Programming/Laba2/wildfly-34.0.1.Final/jboss-modules.jar -mp /Users/main/Documents/GitHub/Web-Programming/Laba2/wildfly-34.0.1.Final/modules org.jboss.as.standalone -Djboss.home.dir=/Users/main/Documents/GitHub/Web-Programming/Laba2/wildfly-34.0.1.Final -Djboss.server.base.dir=/Users/main/Documents/GitHub/Web-Programming/Laba2/wildfly-34.0.1.Final/standalone
	sun.java.launcher = SUN_STANDARD
	sun.jnu.encoding = UTF-8
	sun.management.compiler = HotSpot 64-Bit Tiered Compilers
	user.country = RU
	user.dir = /Users/main/Documents/GitHub/Web-Programming/Laba2/wildfly-34.0.1.Final/bin
	user.home = /Users/main
	user.language = ru
	user.name = main
	user.timezone = Europe/Moscow
2024-12-05 04:23:55,629 DEBUG [org.jboss.as.config] (MSC service thread 1-1) VM Arguments: -D[Standalone] -Djdk.serialFilter=maxbytes=10485760;maxdepth=128;maxarray=100000;maxrefs=300000 -Xms64m -Xmx512m -XX:MetaspaceSize=96M -XX:MaxMetaspaceSize=256m -Djava.net.preferIPv4Stack=true -Djboss.modules.system.pkgs=org.jboss.byteman -Djava.awt.headless=true --add-exports=java.desktop/sun.awt=ALL-UNNAMED --add-exports=java.naming/com.sun.jndi.ldap=ALL-UNNAMED --add-exports=java.naming/com.sun.jndi.url.ldap=ALL-UNNAMED --add-exports=java.naming/com.sun.jndi.url.ldaps=ALL-UNNAMED --add-exports=jdk.naming.dns/com.sun.jndi.dns=ALL-UNNAMED --add-opens=java.base/java.lang=ALL-UNNAMED --add-opens=java.base/java.lang.invoke=ALL-UNNAMED --add-opens=java.base/java.lang.reflect=ALL-UNNAMED --add-opens=java.base/java.io=ALL-UNNAMED --add-opens=java.base/java.net=ALL-UNNAMED --add-opens=java.base/java.security=ALL-UNNAMED --add-opens=java.base/java.util=ALL-UNNAMED --add-opens=java.base/java.util.concurrent=ALL-UNNAMED --add-opens=java.management/javax.management=ALL-UNNAMED --add-opens=java.naming/javax.naming=ALL-UNNAMED -Djava.security.manager=allow -Dorg.jboss.boot.log.file=/Users/main/Documents/GitHub/Web-Programming/Laba2/wildfly-34.0.1.Final/standalone/log/server.log -Dlogging.configuration=file:/Users/main/Documents/GitHub/Web-Programming/Laba2/wildfly-34.0.1.Final/standalone/configuration/logging.properties 
2024-12-05 04:23:55,938 INFO  [org.wildfly.security] (Controller Boot Thread) ELY00001: WildFly Elytron version 2.6.0.Final
2024-12-05 04:23:56,135 INFO  [org.jboss.as.repository] (ServerService Thread Pool -- 15) WFLYDR0001: Content added at location /Users/main/Documents/GitHub/Web-Programming/Laba2/wildfly-34.0.1.Final/standalone/data/content/18/4c6db905a265b3821608c13610192057d75301/content
2024-12-05 04:23:56,147 INFO  [org.jboss.as.server] (Controller Boot Thread) WFLYSRV0039: Creating http management service using socket-binding (management-http)
2024-12-05 04:23:56,152 INFO  [org.xnio] (MSC service thread 1-8) XNIO version 3.8.16.Final
2024-12-05 04:23:56,154 INFO  [org.xnio.nio] (MSC service thread 1-8) XNIO NIO Implementation Version 3.8.16.Final
2024-12-05 04:23:56,163 INFO  [org.wildfly.extension.elytron.oidc._private] (ServerService Thread Pool -- 53) WFLYOIDC0001: Activating WildFly Elytron OIDC Subsystem
2024-12-05 04:23:56,164 INFO  [org.jboss.as.clustering.infinispan] (ServerService Thread Pool -- 55) WFLYCLINF0001: Activating Infinispan subsystem.
2024-12-05 04:23:56,167 INFO  [org.wildfly.extension.health] (ServerService Thread Pool -- 54) WFLYHEALTH0001: Activating Base Health Subsystem
2024-12-05 04:23:56,177 INFO  [org.wildfly.extension.microprofile.config.smallrye] (ServerService Thread Pool -- 65) WFLYCONF0001: Activating MicroProfile Config Subsystem
2024-12-05 04:23:56,178 INFO  [org.wildfly.extension.io] (ServerService Thread Pool -- 56) WFLYIO001: Worker 'default' has auto-configured to 16 IO threads with 128 max task threads based on your 8 available processors
2024-12-05 04:23:56,179 INFO  [org.wildfly.extension.metrics] (ServerService Thread Pool -- 64) WFLYMETRICS0001: Activating Base Metrics Subsystem
2024-12-05 04:23:56,180 INFO  [org.wildfly.extension.microprofile.jwt.smallrye] (ServerService Thread Pool -- 66) WFLYJWT0001: Activating MicroProfile JWT Subsystem
2024-12-05 04:23:56,180 WARN  [org.jboss.as.txn] (ServerService Thread Pool -- 74) WFLYTX0013: The node-identifier attribute on the /subsystem=transactions is set to the default value. This is a danger for environments running multiple servers. Please make sure the attribute value is unique.
2024-12-05 04:23:56,182 INFO  [org.jboss.as.jsf] (ServerService Thread Pool -- 62) WFLYJSF0007: Activated the following Jakarta Server Faces Implementations: [main]
2024-12-05 04:23:56,183 INFO  [org.jboss.as.naming] (ServerService Thread Pool -- 67) WFLYNAM0001: Activating Naming Subsystem
2024-12-05 04:23:56,186 INFO  [org.jboss.as.jaxrs] (ServerService Thread Pool -- 57) WFLYRS0016: RESTEasy version 6.2.11.Final
2024-12-05 04:23:56,188 INFO  [org.jboss.as.connector] (MSC service thread 1-5) WFLYJCA0009: Starting Jakarta Connectors Subsystem (WildFly/IronJacamar 3.0.10.Final)
2024-12-05 04:23:56,190 INFO  [org.jboss.as.server.deployment] (MSC service thread 1-6) WFLYSRV0027: Starting deployment of "Laba2.war" (runtime-name: "Laba2.war")
2024-12-05 04:23:56,193 INFO  [org.jboss.as.webservices] (ServerService Thread Pool -- 76) WFLYWS0002: Activating WebServices Extension
2024-12-05 04:23:56,200 INFO  [org.jboss.as.connector.subsystems.datasources] (ServerService Thread Pool -- 44) WFLYJCA0004: Deploying JDBC-compliant driver class org.h2.Driver (version 2.2)
2024-12-05 04:23:56,206 INFO  [org.jboss.as.connector.deployers.jdbc] (MSC service thread 1-5) WFLYJCA0018: Started Driver service with driver-name = h2
2024-12-05 04:23:56,213 INFO  [org.jboss.remoting] (MSC service thread 1-8) JBoss Remoting version 5.0.29.Final
2024-12-05 04:23:56,215 INFO  [org.jboss.as.naming] (MSC service thread 1-1) WFLYNAM0003: Starting Naming Service
2024-12-05 04:23:56,217 INFO  [org.jboss.as.mail.extension] (MSC service thread 1-1) WFLYMAIL0001: Bound mail session [java:jboss/mail/Default]
2024-12-05 04:23:56,225 INFO  [org.wildfly.extension.undertow] (MSC service thread 1-4) WFLYUT0003: Undertow 2.3.18.Final starting
2024-12-05 04:23:56,230 WARN  [org.wildfly.extension.elytron] (MSC service thread 1-1) WFLYELY00023: KeyStore file '/Users/main/Documents/GitHub/Web-Programming/Laba2/wildfly-34.0.1.Final/standalone/configuration/application.keystore' does not exist. Used blank.
2024-12-05 04:23:56,243 WARN  [org.wildfly.extension.elytron] (MSC service thread 1-7) WFLYELY01084: KeyStore /Users/main/Documents/GitHub/Web-Programming/Laba2/wildfly-34.0.1.Final/standalone/configuration/application.keystore not found, it will be auto-generated on first use with a self-signed certificate for host localhost
2024-12-05 04:23:56,264 INFO  [org.wildfly.extension.undertow] (ServerService Thread Pool -- 75) WFLYUT0014: Creating file handler for path '/Users/main/Documents/GitHub/Web-Programming/Laba2/wildfly-34.0.1.Final/welcome-content' with options [directory-listing: 'false', follow-symlink: 'false', case-sensitive: 'true', safe-symlink-paths: '[]']
2024-12-05 04:23:56,268 INFO  [org.jboss.as.ejb3] (MSC service thread 1-7) WFLYEJB0481: Strict pool slsb-strict-max-pool is using a max instance size of 128 (per class), which is derived from thread worker pool sizing.
2024-12-05 04:23:56,268 INFO  [org.jboss.as.ejb3] (MSC service thread 1-6) WFLYEJB0482: Strict pool mdb-strict-max-pool is using a max instance size of 32 (per class), which is derived from the number of CPUs on this host.
2024-12-05 04:23:56,269 INFO  [org.wildfly.extension.undertow] (MSC service thread 1-5) WFLYUT0012: Started server default-server.
2024-12-05 04:23:56,270 INFO  [org.wildfly.extension.undertow] (MSC service thread 1-5) Queuing requests.
2024-12-05 04:23:56,270 INFO  [org.wildfly.extension.undertow] (MSC service thread 1-5) WFLYUT0018: Host default-host starting
2024-12-05 04:23:56,315 INFO  [org.wildfly.extension.undertow] (MSC service thread 1-6) WFLYUT0006: Undertow HTTP listener default listening on 0.0.0.0:22012
2024-12-05 04:23:56,323 INFO  [org.jboss.as.ejb3] (MSC service thread 1-5) WFLYEJB0493: Jakarta Enterprise Beans subsystem suspension complete
2024-12-05 04:23:56,330 INFO  [org.jboss.as.server.deployment.scanner] (MSC service thread 1-4) WFLYDS0013: Started FileSystemDeploymentService for directory /Users/main/Documents/GitHub/Web-Programming/Laba2/wildfly-34.0.1.Final/standalone/deployments
2024-12-05 04:23:56,335 INFO  [org.wildfly.extension.undertow] (MSC service thread 1-7) WFLYUT0006: Undertow HTTPS listener https listening on 0.0.0.0:23012
2024-12-05 04:23:56,344 INFO  [org.jboss.as.connector.subsystems.datasources] (MSC service thread 1-7) WFLYJCA0001: Bound data source [java:jboss/datasources/ExampleDS]
2024-12-05 04:23:56,376 INFO  [org.jboss.ws.common.management] (MSC service thread 1-4) JBWS022052: Starting JBossWS 7.2.0.Final (Apache CXF 4.0.5) 
2024-12-05 04:23:56,752 INFO  [org.wildfly.extension.undertow] (ServerService Thread Pool -- 81) WFLYUT0021: Registered web context: '/Laba2' for server 'default-server'
2024-12-05 04:23:56,772 INFO  [org.jboss.as.server] (ServerService Thread Pool -- 45) WFLYSRV0010: Deployed "Laba2.war" (runtime-name : "Laba2.war")
2024-12-05 04:23:56,790 INFO  [org.jboss.as.server] (Controller Boot Thread) WFLYSRV0212: Resuming server
2024-12-05 04:23:56,793 INFO  [org.jboss.as] (Controller Boot Thread) WFLYSRV0060: Http management interface listening on http://127.0.0.1:24012/management
2024-12-05 04:23:56,793 INFO  [org.jboss.as] (Controller Boot Thread) WFLYSRV0051: Admin console listening on http://127.0.0.1:24012
2024-12-05 04:23:56,794 INFO  [org.jboss.as] (Controller Boot Thread) WFLYSRV0025: WildFly 34.0.1.Final (WildFly Core 26.0.1.Final) started in 2035ms - Started 407 of 613 services (327 services are lazy, passive or on-demand) - Server configuration file in use: standalone.xml - Minimum feature stability level: community
2024-12-05 04:24:27,159 ERROR [io.undertow.request] (default task-1) UT005023: Exception handling request to /Laba2/ControllerServlet: java.lang.NoClassDefFoundError: com/sun/net/httpserver/HttpHandler
	at deployment.Laba2.war//utils.MetricsHandler.initialize(MetricsHandler.java:28)
	at deployment.Laba2.war//servlets.ControllerServlet.init(ControllerServlet.java:17)
	at jakarta.servlet.api@6.0.0//jakarta.servlet.GenericServlet.init(GenericServlet.java:178)
	at jakarta.servlet.api@6.0.0//jakarta.servlet.http.HttpServlet.init(HttpServlet.java:107)
	at io.undertow.servlet@2.3.18.Final//io.undertow.servlet.core.LifecyleInterceptorInvocation.proceed(LifecyleInterceptorInvocation.java:117)
	at org.wildfly.security.elytron-web.undertow-server-servlet@4.1.0.Final//org.wildfly.elytron.web.undertow.server.servlet.RunAsLifecycleInterceptor.doIt(RunAsLifecycleInterceptor.java:70)
	at org.wildfly.security.elytron-web.undertow-server-servlet@4.1.0.Final//org.wildfly.elytron.web.undertow.server.servlet.RunAsLifecycleInterceptor.init(RunAsLifecycleInterceptor.java:76)
	at io.undertow.servlet@2.3.18.Final//io.undertow.servlet.core.LifecyleInterceptorInvocation.proceed(LifecyleInterceptorInvocation.java:103)
	at io.undertow.servlet@2.3.18.Final//io.undertow.servlet.core.ManagedServlet$DefaultInstanceStrategy.start(ManagedServlet.java:304)
	at io.undertow.servlet@2.3.18.Final//io.undertow.servlet.core.ManagedServlet.forceInit(ManagedServlet.java:207)
	at io.undertow.servlet@2.3.18.Final//io.undertow.servlet.handlers.ServletChain.forceInit(ServletChain.java:130)
	at io.undertow.servlet@2.3.18.Final//io.undertow.servlet.handlers.ServletChain$1.handleRequest(ServletChain.java:63)
	at io.undertow.servlet@2.3.18.Final//io.undertow.servlet.handlers.ServletDispatchingHandler.handleRequest(ServletDispatchingHandler.java:36)
	at org.wildfly.security.elytron-web.undertow-server@4.1.0.Final//org.wildfly.elytron.web.undertow.server.ElytronRunAsHandler.lambda$handleRequest$1(ElytronRunAsHandler.java:68)
	at org.wildfly.security.elytron-base@2.6.0.Final//org.wildfly.security.auth.server.FlexibleIdentityAssociation.runAsFunctionEx(FlexibleIdentityAssociation.java:103)
	at org.wildfly.security.elytron-base@2.6.0.Final//org.wildfly.security.auth.server.Scoped.runAsFunctionEx(Scoped.java:161)
	at org.wildfly.security.elytron-base@2.6.0.Final//org.wildfly.security.auth.server.Scoped.runAs(Scoped.java:73)
	at org.wildfly.security.elytron-web.undertow-server@4.1.0.Final//org.wildfly.elytron.web.undertow.server.ElytronRunAsHandler.handleRequest(ElytronRunAsHandler.java:67)
	at io.undertow.servlet@2.3.18.Final//io.undertow.servlet.handlers.RedirectDirHandler.handleRequest(RedirectDirHandler.java:68)
	at io.undertow.servlet@2.3.18.Final//io.undertow.servlet.handlers.security.SSLInformationAssociationHandler.handleRequest(SSLInformationAssociationHandler.java:117)
	at io.undertow.servlet@2.3.18.Final//io.undertow.servlet.handlers.security.ServletAuthenticationCallHandler.handleRequest(ServletAuthenticationCallHandler.java:57)
	at io.undertow.core@2.3.18.Final//io.undertow.server.handlers.PredicateHandler.handleRequest(PredicateHandler.java:43)
	at io.undertow.core@2.3.18.Final//io.undertow.security.handlers.AbstractConfidentialityHandler.handleRequest(AbstractConfidentialityHandler.java:46)
	at io.undertow.servlet@2.3.18.Final//io.undertow.servlet.handlers.security.ServletConfidentialityConstraintHandler.handleRequest(ServletConfidentialityConstraintHandler.java:64)
	at io.undertow.core@2.3.18.Final//io.undertow.security.handlers.AbstractSecurityContextAssociationHandler.handleRequest(AbstractSecurityContextAssociationHandler.java:43)
	at org.wildfly.security.elytron-web.undertow-server-servlet@4.1.0.Final//org.wildfly.elytron.web.undertow.server.servlet.CleanUpHandler.handleRequest(CleanUpHandler.java:38)
	at io.undertow.core@2.3.18.Final//io.undertow.server.handlers.PredicateHandler.handleRequest(PredicateHandler.java:43)
	at org.wildfly.extension.undertow@34.0.1.Final//org.wildfly.extension.undertow.security.jacc.JACCContextIdHandler.handleRequest(JACCContextIdHandler.java:44)
	at io.undertow.core@2.3.18.Final//io.undertow.server.handlers.PredicateHandler.handleRequest(PredicateHandler.java:43)
	at org.wildfly.extension.undertow@34.0.1.Final//org.wildfly.extension.undertow.deployment.GlobalRequestControllerHandler.handleRequest(GlobalRequestControllerHandler.java:51)
	at io.undertow.servlet@2.3.18.Final//io.undertow.servlet.handlers.SendErrorPageHandler.handleRequest(SendErrorPageHandler.java:52)
	at io.undertow.core@2.3.18.Final//io.undertow.server.handlers.PredicateHandler.handleRequest(PredicateHandler.java:43)
	at io.undertow.servlet@2.3.18.Final//io.undertow.servlet.handlers.ServletInitialHandler.handleFirstRequest(ServletInitialHandler.java:276)
	at io.undertow.servlet@2.3.18.Final//io.undertow.servlet.handlers.ServletInitialHandler$2.call(ServletInitialHandler.java:135)
	at io.undertow.servlet@2.3.18.Final//io.undertow.servlet.handlers.ServletInitialHandler$2.call(ServletInitialHandler.java:132)
	at io.undertow.servlet@2.3.18.Final//io.undertow.servlet.core.ServletRequestContextThreadSetupAction$1.call(ServletRequestContextThreadSetupAction.java:48)
	at io.undertow.servlet@2.3.18.Final//io.undertow.servlet.core.ContextClassLoaderSetupAction$1.call(ContextClassLoaderSetupAction.java:43)
	at org.wildfly.extension.undertow@34.0.1.Final//org.wildfly.extension.undertow.deployment.UndertowDeploymentInfoService$UndertowThreadSetupAction.lambda$create$0(UndertowDeploymentInfoService.java:1421)
	at org.wildfly.extension.undertow@34.0.1.Final//org.wildfly.extension.undertow.deployment.UndertowDeploymentInfoService$UndertowThreadSetupAction.lambda$create$0(UndertowDeploymentInfoService.java:1421)
	at org.wildfly.extension.undertow@34.0.1.Final//org.wildfly.extension.undertow.deployment.UndertowDeploymentInfoService$UndertowThreadSetupAction.lambda$create$0(UndertowDeploymentInfoService.java:1421)
	at org.wildfly.extension.undertow@34.0.1.Final//org.wildfly.extension.undertow.deployment.UndertowDeploymentInfoService$UndertowThreadSetupAction.lambda$create$0(UndertowDeploymentInfoService.java:1421)
	at io.undertow.servlet@2.3.18.Final//io.undertow.servlet.handlers.ServletInitialHandler.dispatchRequest(ServletInitialHandler.java:256)
	at io.undertow.servlet@2.3.18.Final//io.undertow.servlet.handlers.ServletInitialHandler$1.handleRequest(ServletInitialHandler.java:101)
	at io.undertow.core@2.3.18.Final//io.undertow.server.Connectors.executeRootHandler(Connectors.java:395)
	at io.undertow.core@2.3.18.Final//io.undertow.server.HttpServerExchange$1.run(HttpServerExchange.java:861)
	at org.jboss.threads@2.4.0.Final//org.jboss.threads.ContextClassLoaderSavingRunnable.run(ContextClassLoaderSavingRunnable.java:35)
	at org.jboss.threads@2.4.0.Final//org.jboss.threads.EnhancedQueueExecutor.safeRun(EnhancedQueueExecutor.java:1990)
	at org.jboss.threads@2.4.0.Final//org.jboss.threads.EnhancedQueueExecutor$ThreadBody.doRunTask(EnhancedQueueExecutor.java:1486)
	at org.jboss.threads@2.4.0.Final//org.jboss.threads.EnhancedQueueExecutor$ThreadBody.run(EnhancedQueueExecutor.java:1377)
	at org.jboss.xnio@3.8.16.Final//org.xnio.XnioWorker$WorkerThreadFactory$1$1.run(XnioWorker.java:1282)
	at java.base/java.lang.Thread.run(Thread.java:1575)
Caused by: java.lang.ClassNotFoundException: com.sun.net.httpserver.HttpHandler from [Module "deployment.Laba2.war" from Service Module Loader]
	at org.jboss.modules.ModuleClassLoader.findClass(ModuleClassLoader.java:200)
	at org.jboss.modules.ConcurrentClassLoader.performLoadClassUnchecked(ConcurrentClassLoader.java:408)
	at org.jboss.modules.ConcurrentClassLoader.performLoadClass(ConcurrentClassLoader.java:396)
	at org.jboss.modules.ConcurrentClassLoader.loadClass(ConcurrentClassLoader.java:115)
	... 51 more

2024-12-05 04:26:22,272 INFO  [org.wildfly.extension.undertow] (ServerService Thread Pool -- 15) WFLYUT0022: Unregistered web context: '/Laba2' from server 'default-server'
2024-12-05 04:26:22,325 INFO  [org.jboss.as.server.deployment] (MSC service thread 1-6) WFLYSRV0028: Stopped deployment Laba2.war (runtime-name: Laba2.war) in 59ms
2024-12-05 04:26:22,354 INFO  [org.jboss.as.repository] (DeploymentScanner-threads - 1) WFLYDR0002: Content removed from location /Users/main/Documents/GitHub/Web-Programming/Laba2/wildfly-34.0.1.Final/standalone/data/content/18/4c6db905a265b3821608c13610192057d75301/content
2024-12-05 04:26:22,354 INFO  [org.jboss.as.server] (DeploymentScanner-threads - 1) WFLYSRV0009: Undeployed "Laba2.war" (runtime-name: "Laba2.war")
2024-12-05 04:26:28,156 INFO  [org.jboss.as.server] (Thread-1) WFLYSRV0272: Suspending server
2024-12-05 04:26:28,161 INFO  [org.jboss.as.ejb3] (Thread-1) WFLYEJB0493: Jakarta Enterprise Beans subsystem suspension complete
2024-12-05 04:26:28,163 INFO  [org.jboss.as.server] (Thread-1) WFLYSRV0220: Server shutdown has been requested via an OS signal
2024-12-05 04:26:28,165 INFO  [org.jboss.as.connector.subsystems.datasources] (MSC service thread 1-8) WFLYJCA0010: Unbound data source [java:jboss/datasources/ExampleDS]
2024-12-05 04:26:28,169 INFO  [org.wildfly.extension.undertow] (MSC service thread 1-3) WFLYUT0019: Host default-host stopping
2024-12-05 04:26:28,170 INFO  [org.jboss.as.mail.extension] (MSC service thread 1-8) WFLYMAIL0002: Unbound mail session [java:jboss/mail/Default]
2024-12-05 04:26:28,171 INFO  [org.wildfly.extension.undertow] (MSC service thread 1-6) WFLYUT0008: Undertow HTTPS listener https suspending
2024-12-05 04:26:28,172 INFO  [org.wildfly.extension.undertow] (MSC service thread 1-6) WFLYUT0007: Undertow HTTPS listener https stopped, was bound to 0.0.0.0:23012
2024-12-05 04:26:28,172 INFO  [org.wildfly.extension.undertow] (MSC service thread 1-3) WFLYUT0008: Undertow HTTP listener default suspending
2024-12-05 04:26:28,172 INFO  [org.jboss.as.connector.deployers.jdbc] (MSC service thread 1-8) WFLYJCA0019: Stopped Driver service with driver-name = h2
2024-12-05 04:26:28,172 INFO  [org.wildfly.extension.undertow] (MSC service thread 1-3) WFLYUT0007: Undertow HTTP listener default stopped, was bound to 0.0.0.0:22012
2024-12-05 04:26:28,173 INFO  [org.wildfly.extension.undertow] (MSC service thread 1-5) WFLYUT0004: Undertow 2.3.18.Final stopping
2024-12-05 04:26:28,176 INFO  [org.jboss.as] (MSC service thread 1-2) WFLYSRV0050: WildFly 34.0.1.Final (WildFly Core 26.0.1.Final) stopped in 9ms
2024-12-05 04:26:36,655 INFO  [org.jboss.modules] (main) JBoss Modules version 2.1.5.Final
2024-12-05 04:26:36,951 INFO  [org.jboss.msc] (main) JBoss MSC version 1.5.5.Final
2024-12-05 04:26:36,954 INFO  [org.jboss.threads] (main) JBoss Threads version 2.4.0.Final
2024-12-05 04:26:36,996 INFO  [org.jboss.as] (MSC service thread 1-3) WFLYSRV0049: WildFly 34.0.1.Final (WildFly Core 26.0.1.Final) starting
2024-12-05 04:26:36,996 DEBUG [org.jboss.as.config] (MSC service thread 1-3) Configured system properties:
	[Standalone] = 
	apple.awt.application.name = Main
	file.encoding = UTF-8
	file.separator = /
	java.awt.headless = true
	java.class.path = /Users/main/Documents/GitHub/Web-Programming/Laba2/wildfly-34.0.1.Final/jboss-modules.jar
	java.class.version = 67.0
	java.home = /Users/main/Library/Java/JavaVirtualMachines/openjdk-23/Contents/Home
	java.io.tmpdir = /var/folders/ds/zwbkmf6j2x98w6ym14xpxl7w0000gn/T/
	java.library.path = /Users/main/Library/Java/Extensions:/Library/Java/Extensions:/Network/Library/Java/Extensions:/System/Library/Java/Extensions:/usr/lib/java:.
	java.net.preferIPv4Stack = true
	java.runtime.name = OpenJDK Runtime Environment
	java.runtime.version = 23+37-2369
	java.security.manager = allow
	java.specification.name = Java Platform API Specification
	java.specification.vendor = Oracle Corporation
	java.specification.version = 23
	java.util.logging.manager = org.jboss.logmanager.LogManager
	java.vendor = Oracle Corporation
	java.vendor.url = https://java.oracle.com/
	java.vendor.url.bug = https://bugreport.java.com/bugreport/
	java.version = 23
	java.version.date = 2024-09-17
	java.vm.compressedOopsMode = Zero based
	java.vm.info = mixed mode, sharing
	java.vm.name = OpenJDK 64-Bit Server VM
	java.vm.specification.name = Java Virtual Machine Specification
	java.vm.specification.vendor = Oracle Corporation
	java.vm.specification.version = 23
	java.vm.vendor = Oracle Corporation
	java.vm.version = 23+37-2369
	javax.management.builder.initial = org.jboss.as.jmx.PluggableMBeanServerBuilder
	jboss.home.dir = /Users/main/Documents/GitHub/Web-Programming/Laba2/wildfly-34.0.1.Final
	jboss.host.name = macbook-air-vladsmorodin
	jboss.modules.system.pkgs = org.jboss.byteman
	jboss.node.name = macbook-air-vladsmorodin
	jboss.qualified.host.name = macbook-air-vladsmorodin.local
	jboss.server.base.dir = /Users/main/Documents/GitHub/Web-Programming/Laba2/wildfly-34.0.1.Final/standalone
	jboss.server.config.dir = /Users/main/Documents/GitHub/Web-Programming/Laba2/wildfly-34.0.1.Final/standalone/configuration
	jboss.server.data.dir = /Users/main/Documents/GitHub/Web-Programming/Laba2/wildfly-34.0.1.Final/standalone/data
	jboss.server.log.dir = /Users/main/Documents/GitHub/Web-Programming/Laba2/wildfly-34.0.1.Final/standalone/log
	jboss.server.name = macbook-air-vladsmorodin
	jboss.server.persist.config = true
	jboss.server.temp.dir = /Users/main/Documents/GitHub/Web-Programming/Laba2/wildfly-34.0.1.Final/standalone/tmp
	jdk.debug = release
	jdk.serialFilter = maxbytes=10485760;maxdepth=128;maxarray=100000;maxrefs=300000
	line.separator = 

	logging.configuration = file:/Users/main/Documents/GitHub/Web-Programming/Laba2/wildfly-34.0.1.Final/standalone/configuration/logging.properties
	module.path = /Users/main/Documents/GitHub/Web-Programming/Laba2/wildfly-34.0.1.Final/modules
	native.encoding = UTF-8
	org.jboss.boot.log.file = /Users/main/Documents/GitHub/Web-Programming/Laba2/wildfly-34.0.1.Final/standalone/log/server.log
	org.jboss.resolver.warning = true
	os.arch = aarch64
	os.name = Mac OS X
	os.version = 14.3.1
	path.separator = :
	stderr.encoding = UTF-8
	stdout.encoding = UTF-8
	sun.arch.data.model = 64
	sun.boot.library.path = /Users/main/Library/Java/JavaVirtualMachines/openjdk-23/Contents/Home/lib
	sun.cpu.endian = little
	sun.io.unicode.encoding = UnicodeBig
	sun.java.command = /Users/main/Documents/GitHub/Web-Programming/Laba2/wildfly-34.0.1.Final/jboss-modules.jar -mp /Users/main/Documents/GitHub/Web-Programming/Laba2/wildfly-34.0.1.Final/modules org.jboss.as.standalone -Djboss.home.dir=/Users/main/Documents/GitHub/Web-Programming/Laba2/wildfly-34.0.1.Final -Djboss.server.base.dir=/Users/main/Documents/GitHub/Web-Programming/Laba2/wildfly-34.0.1.Final/standalone
	sun.java.launcher = SUN_STANDARD
	sun.jnu.encoding = UTF-8
	sun.management.compiler = HotSpot 64-Bit Tiered Compilers
	user.country = RU
	user.dir = /Users/main/Documents/GitHub/Web-Programming/Laba2/wildfly-34.0.1.Final/bin
	user.home = /Users/main
	user.language = ru
	user.name = main
	user.timezone = Europe/Moscow
2024-12-05 04:26:36,997 DEBUG [org.jboss.as.config] (MSC service thread 1-3) VM Arguments: -D[Standalone] -Djdk.serialFilter=maxbytes=10485760;maxdepth=128;maxarray=100000;maxrefs=300000 -Xms64m -Xmx512m -XX:MetaspaceSize=96M -XX:MaxMetaspaceSize=256m -Djava.net.preferIPv4Stack=true -Djboss.modules.system.pkgs=org.jboss.byteman -Djava.awt.headless=true --add-exports=java.desktop/sun.awt=ALL-UNNAMED --add-exports=java.naming/com.sun.jndi.ldap=ALL-UNNAMED --add-exports=java.naming/com.sun.jndi.url.ldap=ALL-UNNAMED --add-exports=java.naming/com.sun.jndi.url.ldaps=ALL-UNNAMED --add-exports=jdk.naming.dns/com.sun.jndi.dns=ALL-UNNAMED --add-opens=java.base/java.lang=ALL-UNNAMED --add-opens=java.base/java.lang.invoke=ALL-UNNAMED --add-opens=java.base/java.lang.reflect=ALL-UNNAMED --add-opens=java.base/java.io=ALL-UNNAMED --add-opens=java.base/java.net=ALL-UNNAMED --add-opens=java.base/java.security=ALL-UNNAMED --add-opens=java.base/java.util=ALL-UNNAMED --add-opens=java.base/java.util.concurrent=ALL-UNNAMED --add-opens=java.management/javax.management=ALL-UNNAMED --add-opens=java.naming/javax.naming=ALL-UNNAMED -Djava.security.manager=allow -Dorg.jboss.boot.log.file=/Users/main/Documents/GitHub/Web-Programming/Laba2/wildfly-34.0.1.Final/standalone/log/server.log -Dlogging.configuration=file:/Users/main/Documents/GitHub/Web-Programming/Laba2/wildfly-34.0.1.Final/standalone/configuration/logging.properties 
2024-12-05 04:26:37,303 INFO  [org.wildfly.security] (Controller Boot Thread) ELY00001: WildFly Elytron version 2.6.0.Final
2024-12-05 04:26:37,497 INFO  [org.jboss.as.repository] (ServerService Thread Pool -- 19) WFLYDR0001: Content added at location /Users/main/Documents/GitHub/Web-Programming/Laba2/wildfly-34.0.1.Final/standalone/data/content/0a/9e4ed53848e5dabae0c7cc1ee85fad4e2cfb5a/content
2024-12-05 04:26:37,509 INFO  [org.jboss.as.server] (Controller Boot Thread) WFLYSRV0039: Creating http management service using socket-binding (management-http)
2024-12-05 04:26:37,513 INFO  [org.xnio] (MSC service thread 1-5) XNIO version 3.8.16.Final
2024-12-05 04:26:37,516 INFO  [org.xnio.nio] (MSC service thread 1-5) XNIO NIO Implementation Version 3.8.16.Final
2024-12-05 04:26:37,526 INFO  [org.wildfly.extension.elytron.oidc._private] (ServerService Thread Pool -- 53) WFLYOIDC0001: Activating WildFly Elytron OIDC Subsystem
2024-12-05 04:26:37,526 INFO  [org.jboss.as.clustering.infinispan] (ServerService Thread Pool -- 55) WFLYCLINF0001: Activating Infinispan subsystem.
2024-12-05 04:26:37,532 INFO  [org.wildfly.extension.health] (ServerService Thread Pool -- 54) WFLYHEALTH0001: Activating Base Health Subsystem
2024-12-05 04:26:37,534 INFO  [org.wildfly.extension.io] (ServerService Thread Pool -- 56) WFLYIO001: Worker 'default' has auto-configured to 16 IO threads with 128 max task threads based on your 8 available processors
2024-12-05 04:26:37,539 INFO  [org.wildfly.extension.microprofile.config.smallrye] (ServerService Thread Pool -- 65) WFLYCONF0001: Activating MicroProfile Config Subsystem
2024-12-05 04:26:37,539 INFO  [org.wildfly.extension.microprofile.jwt.smallrye] (ServerService Thread Pool -- 66) WFLYJWT0001: Activating MicroProfile JWT Subsystem
2024-12-05 04:26:37,543 INFO  [org.jboss.as.naming] (ServerService Thread Pool -- 67) WFLYNAM0001: Activating Naming Subsystem
2024-12-05 04:26:37,544 INFO  [org.jboss.as.jsf] (ServerService Thread Pool -- 62) WFLYJSF0007: Activated the following Jakarta Server Faces Implementations: [main]
2024-12-05 04:26:37,545 INFO  [org.jboss.as.jaxrs] (ServerService Thread Pool -- 57) WFLYRS0016: RESTEasy version 6.2.11.Final
2024-12-05 04:26:37,549 INFO  [org.jboss.as.connector.subsystems.datasources] (ServerService Thread Pool -- 44) WFLYJCA0004: Deploying JDBC-compliant driver class org.h2.Driver (version 2.2)
2024-12-05 04:26:37,551 WARN  [org.jboss.as.txn] (ServerService Thread Pool -- 74) WFLYTX0013: The node-identifier attribute on the /subsystem=transactions is set to the default value. This is a danger for environments running multiple servers. Please make sure the attribute value is unique.
2024-12-05 04:26:37,552 INFO  [org.jboss.as.server.deployment] (MSC service thread 1-3) WFLYSRV0027: Starting deployment of "Laba2.war" (runtime-name: "Laba2.war")
2024-12-05 04:26:37,556 INFO  [org.jboss.as.connector] (MSC service thread 1-8) WFLYJCA0009: Starting Jakarta Connectors Subsystem (WildFly/IronJacamar 3.0.10.Final)
2024-12-05 04:26:37,558 INFO  [org.jboss.as.connector.deployers.jdbc] (MSC service thread 1-3) WFLYJCA0018: Started Driver service with driver-name = h2
2024-12-05 04:26:37,557 INFO  [org.wildfly.extension.metrics] (ServerService Thread Pool -- 64) WFLYMETRICS0001: Activating Base Metrics Subsystem
2024-12-05 04:26:37,562 INFO  [org.jboss.as.webservices] (ServerService Thread Pool -- 76) WFLYWS0002: Activating WebServices Extension
2024-12-05 04:26:37,573 INFO  [org.jboss.remoting] (MSC service thread 1-1) JBoss Remoting version 5.0.29.Final
2024-12-05 04:26:37,577 INFO  [org.jboss.as.naming] (MSC service thread 1-3) WFLYNAM0003: Starting Naming Service
2024-12-05 04:26:37,578 INFO  [org.jboss.as.mail.extension] (MSC service thread 1-2) WFLYMAIL0001: Bound mail session [java:jboss/mail/Default]
2024-12-05 04:26:37,585 WARN  [org.wildfly.extension.elytron] (MSC service thread 1-2) WFLYELY00023: KeyStore file '/Users/main/Documents/GitHub/Web-Programming/Laba2/wildfly-34.0.1.Final/standalone/configuration/application.keystore' does not exist. Used blank.
2024-12-05 04:26:37,594 INFO  [org.wildfly.extension.undertow] (MSC service thread 1-7) WFLYUT0003: Undertow 2.3.18.Final starting
2024-12-05 04:26:37,600 WARN  [org.wildfly.extension.elytron] (MSC service thread 1-2) WFLYELY01084: KeyStore /Users/main/Documents/GitHub/Web-Programming/Laba2/wildfly-34.0.1.Final/standalone/configuration/application.keystore not found, it will be auto-generated on first use with a self-signed certificate for host localhost
2024-12-05 04:26:37,632 INFO  [org.jboss.as.ejb3] (MSC service thread 1-1) WFLYEJB0482: Strict pool mdb-strict-max-pool is using a max instance size of 32 (per class), which is derived from the number of CPUs on this host.
2024-12-05 04:26:37,632 INFO  [org.jboss.as.ejb3] (MSC service thread 1-7) WFLYEJB0481: Strict pool slsb-strict-max-pool is using a max instance size of 128 (per class), which is derived from thread worker pool sizing.
2024-12-05 04:26:37,633 INFO  [org.wildfly.extension.undertow] (ServerService Thread Pool -- 75) WFLYUT0014: Creating file handler for path '/Users/main/Documents/GitHub/Web-Programming/Laba2/wildfly-34.0.1.Final/welcome-content' with options [directory-listing: 'false', follow-symlink: 'false', case-sensitive: 'true', safe-symlink-paths: '[]']
2024-12-05 04:26:37,638 INFO  [org.wildfly.extension.undertow] (MSC service thread 1-1) WFLYUT0012: Started server default-server.
2024-12-05 04:26:37,639 INFO  [org.wildfly.extension.undertow] (MSC service thread 1-2) Queuing requests.
2024-12-05 04:26:37,640 INFO  [org.wildfly.extension.undertow] (MSC service thread 1-2) WFLYUT0018: Host default-host starting
2024-12-05 04:26:37,681 INFO  [org.wildfly.extension.undertow] (MSC service thread 1-4) WFLYUT0006: Undertow HTTP listener default listening on 0.0.0.0:22012
2024-12-05 04:26:37,690 INFO  [org.jboss.as.ejb3] (MSC service thread 1-6) WFLYEJB0493: Jakarta Enterprise Beans subsystem suspension complete
2024-12-05 04:26:37,696 INFO  [org.jboss.as.server.deployment.scanner] (MSC service thread 1-5) WFLYDS0013: Started FileSystemDeploymentService for directory /Users/main/Documents/GitHub/Web-Programming/Laba2/wildfly-34.0.1.Final/standalone/deployments
2024-12-05 04:26:37,696 INFO  [org.wildfly.extension.undertow] (MSC service thread 1-3) WFLYUT0006: Undertow HTTPS listener https listening on 0.0.0.0:23012
2024-12-05 04:26:37,712 INFO  [org.jboss.as.connector.subsystems.datasources] (MSC service thread 1-4) WFLYJCA0001: Bound data source [java:jboss/datasources/ExampleDS]
2024-12-05 04:26:37,736 INFO  [org.jboss.ws.common.management] (MSC service thread 1-3) JBWS022052: Starting JBossWS 7.2.0.Final (Apache CXF 4.0.5) 
2024-12-05 04:26:38,108 INFO  [org.wildfly.extension.undertow] (ServerService Thread Pool -- 81) WFLYUT0021: Registered web context: '/Laba2' for server 'default-server'
2024-12-05 04:26:38,126 INFO  [org.jboss.as.server] (ServerService Thread Pool -- 45) WFLYSRV0010: Deployed "Laba2.war" (runtime-name : "Laba2.war")
2024-12-05 04:26:38,140 INFO  [org.jboss.as.server] (Controller Boot Thread) WFLYSRV0212: Resuming server
2024-12-05 04:26:38,143 INFO  [org.jboss.as] (Controller Boot Thread) WFLYSRV0060: Http management interface listening on http://127.0.0.1:24012/management
2024-12-05 04:26:38,143 INFO  [org.jboss.as] (Controller Boot Thread) WFLYSRV0051: Admin console listening on http://127.0.0.1:24012
2024-12-05 04:26:38,144 INFO  [org.jboss.as] (Controller Boot Thread) WFLYSRV0025: WildFly 34.0.1.Final (WildFly Core 26.0.1.Final) started in 1768ms - Started 407 of 613 services (327 services are lazy, passive or on-demand) - Server configuration file in use: standalone.xml - Minimum feature stability level: community
2024-12-05 04:26:54,011 ERROR [io.undertow.request] (default task-1) UT005023: Exception handling request to /Laba2/ControllerServlet: java.lang.NoClassDefFoundError: com/sun/net/httpserver/HttpHandler
	at deployment.Laba2.war//utils.MetricsHandler.initialize(MetricsHandler.java:28)
	at deployment.Laba2.war//servlets.ControllerServlet.init(ControllerServlet.java:18)
	at jakarta.servlet.api@6.0.0//jakarta.servlet.GenericServlet.init(GenericServlet.java:178)
	at jakarta.servlet.api@6.0.0//jakarta.servlet.http.HttpServlet.init(HttpServlet.java:107)
	at io.undertow.servlet@2.3.18.Final//io.undertow.servlet.core.LifecyleInterceptorInvocation.proceed(LifecyleInterceptorInvocation.java:117)
	at org.wildfly.security.elytron-web.undertow-server-servlet@4.1.0.Final//org.wildfly.elytron.web.undertow.server.servlet.RunAsLifecycleInterceptor.doIt(RunAsLifecycleInterceptor.java:70)
	at org.wildfly.security.elytron-web.undertow-server-servlet@4.1.0.Final//org.wildfly.elytron.web.undertow.server.servlet.RunAsLifecycleInterceptor.init(RunAsLifecycleInterceptor.java:76)
	at io.undertow.servlet@2.3.18.Final//io.undertow.servlet.core.LifecyleInterceptorInvocation.proceed(LifecyleInterceptorInvocation.java:103)
	at io.undertow.servlet@2.3.18.Final//io.undertow.servlet.core.ManagedServlet$DefaultInstanceStrategy.start(ManagedServlet.java:304)
	at io.undertow.servlet@2.3.18.Final//io.undertow.servlet.core.ManagedServlet.forceInit(ManagedServlet.java:207)
	at io.undertow.servlet@2.3.18.Final//io.undertow.servlet.handlers.ServletChain.forceInit(ServletChain.java:130)
	at io.undertow.servlet@2.3.18.Final//io.undertow.servlet.handlers.ServletChain$1.handleRequest(ServletChain.java:63)
	at io.undertow.servlet@2.3.18.Final//io.undertow.servlet.handlers.ServletDispatchingHandler.handleRequest(ServletDispatchingHandler.java:36)
	at org.wildfly.security.elytron-web.undertow-server@4.1.0.Final//org.wildfly.elytron.web.undertow.server.ElytronRunAsHandler.lambda$handleRequest$1(ElytronRunAsHandler.java:68)
	at org.wildfly.security.elytron-base@2.6.0.Final//org.wildfly.security.auth.server.FlexibleIdentityAssociation.runAsFunctionEx(FlexibleIdentityAssociation.java:103)
	at org.wildfly.security.elytron-base@2.6.0.Final//org.wildfly.security.auth.server.Scoped.runAsFunctionEx(Scoped.java:161)
	at org.wildfly.security.elytron-base@2.6.0.Final//org.wildfly.security.auth.server.Scoped.runAs(Scoped.java:73)
	at org.wildfly.security.elytron-web.undertow-server@4.1.0.Final//org.wildfly.elytron.web.undertow.server.ElytronRunAsHandler.handleRequest(ElytronRunAsHandler.java:67)
	at io.undertow.servlet@2.3.18.Final//io.undertow.servlet.handlers.RedirectDirHandler.handleRequest(RedirectDirHandler.java:68)
	at io.undertow.servlet@2.3.18.Final//io.undertow.servlet.handlers.security.SSLInformationAssociationHandler.handleRequest(SSLInformationAssociationHandler.java:117)
	at io.undertow.servlet@2.3.18.Final//io.undertow.servlet.handlers.security.ServletAuthenticationCallHandler.handleRequest(ServletAuthenticationCallHandler.java:57)
	at io.undertow.core@2.3.18.Final//io.undertow.server.handlers.PredicateHandler.handleRequest(PredicateHandler.java:43)
	at io.undertow.core@2.3.18.Final//io.undertow.security.handlers.AbstractConfidentialityHandler.handleRequest(AbstractConfidentialityHandler.java:46)
	at io.undertow.servlet@2.3.18.Final//io.undertow.servlet.handlers.security.ServletConfidentialityConstraintHandler.handleRequest(ServletConfidentialityConstraintHandler.java:64)
	at io.undertow.core@2.3.18.Final//io.undertow.security.handlers.AbstractSecurityContextAssociationHandler.handleRequest(AbstractSecurityContextAssociationHandler.java:43)
	at org.wildfly.security.elytron-web.undertow-server-servlet@4.1.0.Final//org.wildfly.elytron.web.undertow.server.servlet.CleanUpHandler.handleRequest(CleanUpHandler.java:38)
	at io.undertow.core@2.3.18.Final//io.undertow.server.handlers.PredicateHandler.handleRequest(PredicateHandler.java:43)
	at org.wildfly.extension.undertow@34.0.1.Final//org.wildfly.extension.undertow.security.jacc.JACCContextIdHandler.handleRequest(JACCContextIdHandler.java:44)
	at io.undertow.core@2.3.18.Final//io.undertow.server.handlers.PredicateHandler.handleRequest(PredicateHandler.java:43)
	at org.wildfly.extension.undertow@34.0.1.Final//org.wildfly.extension.undertow.deployment.GlobalRequestControllerHandler.handleRequest(GlobalRequestControllerHandler.java:51)
	at io.undertow.servlet@2.3.18.Final//io.undertow.servlet.handlers.SendErrorPageHandler.handleRequest(SendErrorPageHandler.java:52)
	at io.undertow.core@2.3.18.Final//io.undertow.server.handlers.PredicateHandler.handleRequest(PredicateHandler.java:43)
	at io.undertow.servlet@2.3.18.Final//io.undertow.servlet.handlers.ServletInitialHandler.handleFirstRequest(ServletInitialHandler.java:276)
	at io.undertow.servlet@2.3.18.Final//io.undertow.servlet.handlers.ServletInitialHandler$2.call(ServletInitialHandler.java:135)
	at io.undertow.servlet@2.3.18.Final//io.undertow.servlet.handlers.ServletInitialHandler$2.call(ServletInitialHandler.java:132)
	at io.undertow.servlet@2.3.18.Final//io.undertow.servlet.core.ServletRequestContextThreadSetupAction$1.call(ServletRequestContextThreadSetupAction.java:48)
	at io.undertow.servlet@2.3.18.Final//io.undertow.servlet.core.ContextClassLoaderSetupAction$1.call(ContextClassLoaderSetupAction.java:43)
	at org.wildfly.extension.undertow@34.0.1.Final//org.wildfly.extension.undertow.deployment.UndertowDeploymentInfoService$UndertowThreadSetupAction.lambda$create$0(UndertowDeploymentInfoService.java:1421)
	at org.wildfly.extension.undertow@34.0.1.Final//org.wildfly.extension.undertow.deployment.UndertowDeploymentInfoService$UndertowThreadSetupAction.lambda$create$0(UndertowDeploymentInfoService.java:1421)
	at org.wildfly.extension.undertow@34.0.1.Final//org.wildfly.extension.undertow.deployment.UndertowDeploymentInfoService$UndertowThreadSetupAction.lambda$create$0(UndertowDeploymentInfoService.java:1421)
	at org.wildfly.extension.undertow@34.0.1.Final//org.wildfly.extension.undertow.deployment.UndertowDeploymentInfoService$UndertowThreadSetupAction.lambda$create$0(UndertowDeploymentInfoService.java:1421)
	at io.undertow.servlet@2.3.18.Final//io.undertow.servlet.handlers.ServletInitialHandler.dispatchRequest(ServletInitialHandler.java:256)
	at io.undertow.servlet@2.3.18.Final//io.undertow.servlet.handlers.ServletInitialHandler$1.handleRequest(ServletInitialHandler.java:101)
	at io.undertow.core@2.3.18.Final//io.undertow.server.Connectors.executeRootHandler(Connectors.java:395)
	at io.undertow.core@2.3.18.Final//io.undertow.server.HttpServerExchange$1.run(HttpServerExchange.java:861)
	at org.jboss.threads@2.4.0.Final//org.jboss.threads.ContextClassLoaderSavingRunnable.run(ContextClassLoaderSavingRunnable.java:35)
	at org.jboss.threads@2.4.0.Final//org.jboss.threads.EnhancedQueueExecutor.safeRun(EnhancedQueueExecutor.java:1990)
	at org.jboss.threads@2.4.0.Final//org.jboss.threads.EnhancedQueueExecutor$ThreadBody.doRunTask(EnhancedQueueExecutor.java:1486)
	at org.jboss.threads@2.4.0.Final//org.jboss.threads.EnhancedQueueExecutor$ThreadBody.run(EnhancedQueueExecutor.java:1348)
	at org.jboss.xnio@3.8.16.Final//org.xnio.XnioWorker$WorkerThreadFactory$1$1.run(XnioWorker.java:1282)
	at java.base/java.lang.Thread.run(Thread.java:1575)
Caused by: java.lang.ClassNotFoundException: com.sun.net.httpserver.HttpHandler from [Module "deployment.Laba2.war" from Service Module Loader]
	at org.jboss.modules.ModuleClassLoader.findClass(ModuleClassLoader.java:200)
	at org.jboss.modules.ConcurrentClassLoader.performLoadClassUnchecked(ConcurrentClassLoader.java:408)
	at org.jboss.modules.ConcurrentClassLoader.performLoadClass(ConcurrentClassLoader.java:396)
	at org.jboss.modules.ConcurrentClassLoader.loadClass(ConcurrentClassLoader.java:115)
	... 51 more

2024-12-05 04:32:18,508 INFO  [org.jboss.as.server] (Thread-1) WFLYSRV0272: Suspending server
2024-12-05 04:32:18,519 INFO  [org.jboss.as.ejb3] (Thread-1) WFLYEJB0493: Jakarta Enterprise Beans subsystem suspension complete
2024-12-05 04:32:18,523 INFO  [org.jboss.as.server] (Thread-1) WFLYSRV0220: Server shutdown has been requested via an OS signal
2024-12-05 04:32:18,535 INFO  [org.jboss.as.mail.extension] (MSC service thread 1-8) WFLYMAIL0002: Unbound mail session [java:jboss/mail/Default]
2024-12-05 04:32:18,535 INFO  [org.wildfly.extension.undertow] (ServerService Thread Pool -- 81) WFLYUT0022: Unregistered web context: '/Laba2' from server 'default-server'
2024-12-05 04:32:18,546 INFO  [org.wildfly.extension.undertow] (MSC service thread 1-8) WFLYUT0019: Host default-host stopping
2024-12-05 04:32:18,546 INFO  [org.jboss.as.connector.subsystems.datasources] (MSC service thread 1-4) WFLYJCA0010: Unbound data source [java:jboss/datasources/ExampleDS]
2024-12-05 04:32:18,548 INFO  [org.jboss.as.connector.deployers.jdbc] (MSC service thread 1-2) WFLYJCA0019: Stopped Driver service with driver-name = h2
2024-12-05 04:32:18,563 INFO  [org.wildfly.extension.undertow] (MSC service thread 1-2) WFLYUT0008: Undertow HTTPS listener https suspending
2024-12-05 04:32:18,564 INFO  [org.wildfly.extension.undertow] (MSC service thread 1-3) WFLYUT0008: Undertow HTTP listener default suspending
2024-12-05 04:32:18,564 INFO  [org.wildfly.extension.undertow] (MSC service thread 1-2) WFLYUT0007: Undertow HTTPS listener https stopped, was bound to 0.0.0.0:23012
2024-12-05 04:32:18,564 INFO  [org.wildfly.extension.undertow] (MSC service thread 1-3) WFLYUT0007: Undertow HTTP listener default stopped, was bound to 0.0.0.0:22012
2024-12-05 04:32:18,567 INFO  [org.wildfly.extension.undertow] (MSC service thread 1-4) WFLYUT0004: Undertow 2.3.18.Final stopping
2024-12-05 04:32:18,574 INFO  [org.jboss.as.server.deployment] (MSC service thread 1-4) WFLYSRV0028: Stopped deployment Laba2.war (runtime-name: Laba2.war) in 44ms
2024-12-05 04:32:18,577 INFO  [org.jboss.as] (MSC service thread 1-7) WFLYSRV0050: WildFly 34.0.1.Final (WildFly Core 26.0.1.Final) stopped in 47ms
2024-12-05 04:32:24,099 INFO  [org.jboss.modules] (main) JBoss Modules version 2.1.5.Final
2024-12-05 04:32:24,600 INFO  [org.jboss.msc] (main) JBoss MSC version 1.5.5.Final
2024-12-05 04:32:24,603 INFO  [org.jboss.threads] (main) JBoss Threads version 2.4.0.Final
2024-12-05 04:32:24,644 INFO  [org.jboss.as] (MSC service thread 1-3) WFLYSRV0049: WildFly 34.0.1.Final (WildFly Core 26.0.1.Final) starting
2024-12-05 04:32:24,644 DEBUG [org.jboss.as.config] (MSC service thread 1-3) Configured system properties:
	[Standalone] = 
	apple.awt.application.name = Main
	file.encoding = UTF-8
	file.separator = /
	java.awt.headless = true
	java.class.path = /Users/main/Documents/GitHub/Web-Programming/Laba2/wildfly-34.0.1.Final/jboss-modules.jar
	java.class.version = 67.0
	java.home = /Users/main/Library/Java/JavaVirtualMachines/openjdk-23/Contents/Home
	java.io.tmpdir = /var/folders/ds/zwbkmf6j2x98w6ym14xpxl7w0000gn/T/
	java.library.path = /Users/main/Library/Java/Extensions:/Library/Java/Extensions:/Network/Library/Java/Extensions:/System/Library/Java/Extensions:/usr/lib/java:.
	java.net.preferIPv4Stack = true
	java.runtime.name = OpenJDK Runtime Environment
	java.runtime.version = 23+37-2369
	java.security.manager = allow
	java.specification.name = Java Platform API Specification
	java.specification.vendor = Oracle Corporation
	java.specification.version = 23
	java.util.logging.manager = org.jboss.logmanager.LogManager
	java.vendor = Oracle Corporation
	java.vendor.url = https://java.oracle.com/
	java.vendor.url.bug = https://bugreport.java.com/bugreport/
	java.version = 23
	java.version.date = 2024-09-17
	java.vm.compressedOopsMode = Zero based
	java.vm.info = mixed mode, sharing
	java.vm.name = OpenJDK 64-Bit Server VM
	java.vm.specification.name = Java Virtual Machine Specification
	java.vm.specification.vendor = Oracle Corporation
	java.vm.specification.version = 23
	java.vm.vendor = Oracle Corporation
	java.vm.version = 23+37-2369
	javax.management.builder.initial = org.jboss.as.jmx.PluggableMBeanServerBuilder
	jboss.home.dir = /Users/main/Documents/GitHub/Web-Programming/Laba2/wildfly-34.0.1.Final
	jboss.host.name = macbook-air-vladsmorodin
	jboss.modules.system.pkgs = org.jboss.byteman
	jboss.node.name = macbook-air-vladsmorodin
	jboss.qualified.host.name = macbook-air-vladsmorodin.local
	jboss.server.base.dir = /Users/main/Documents/GitHub/Web-Programming/Laba2/wildfly-34.0.1.Final/standalone
	jboss.server.config.dir = /Users/main/Documents/GitHub/Web-Programming/Laba2/wildfly-34.0.1.Final/standalone/configuration
	jboss.server.data.dir = /Users/main/Documents/GitHub/Web-Programming/Laba2/wildfly-34.0.1.Final/standalone/data
	jboss.server.log.dir = /Users/main/Documents/GitHub/Web-Programming/Laba2/wildfly-34.0.1.Final/standalone/log
	jboss.server.name = macbook-air-vladsmorodin
	jboss.server.persist.config = true
	jboss.server.temp.dir = /Users/main/Documents/GitHub/Web-Programming/Laba2/wildfly-34.0.1.Final/standalone/tmp
	jdk.debug = release
	jdk.serialFilter = maxbytes=10485760;maxdepth=128;maxarray=100000;maxrefs=300000
	line.separator = 

	logging.configuration = file:/Users/main/Documents/GitHub/Web-Programming/Laba2/wildfly-34.0.1.Final/standalone/configuration/logging.properties
	module.path = /Users/main/Documents/GitHub/Web-Programming/Laba2/wildfly-34.0.1.Final/modules
	native.encoding = UTF-8
	org.jboss.boot.log.file = /Users/main/Documents/GitHub/Web-Programming/Laba2/wildfly-34.0.1.Final/standalone/log/server.log
	org.jboss.resolver.warning = true
	os.arch = aarch64
	os.name = Mac OS X
	os.version = 14.3.1
	path.separator = :
	stderr.encoding = UTF-8
	stdout.encoding = UTF-8
	sun.arch.data.model = 64
	sun.boot.library.path = /Users/main/Library/Java/JavaVirtualMachines/openjdk-23/Contents/Home/lib
	sun.cpu.endian = little
	sun.io.unicode.encoding = UnicodeBig
	sun.java.command = /Users/main/Documents/GitHub/Web-Programming/Laba2/wildfly-34.0.1.Final/jboss-modules.jar -mp /Users/main/Documents/GitHub/Web-Programming/Laba2/wildfly-34.0.1.Final/modules org.jboss.as.standalone -Djboss.home.dir=/Users/main/Documents/GitHub/Web-Programming/Laba2/wildfly-34.0.1.Final -Djboss.server.base.dir=/Users/main/Documents/GitHub/Web-Programming/Laba2/wildfly-34.0.1.Final/standalone
	sun.java.launcher = SUN_STANDARD
	sun.jnu.encoding = UTF-8
	sun.management.compiler = HotSpot 64-Bit Tiered Compilers
	user.country = RU
	user.dir = /Users/main/Documents/GitHub/Web-Programming/Laba2/wildfly-34.0.1.Final/bin
	user.home = /Users/main
	user.language = ru
	user.name = main
	user.timezone = Europe/Moscow
2024-12-05 04:32:24,645 DEBUG [org.jboss.as.config] (MSC service thread 1-3) VM Arguments: -D[Standalone] -Djdk.serialFilter=maxbytes=10485760;maxdepth=128;maxarray=100000;maxrefs=300000 -Xms64m -Xmx512m -XX:MetaspaceSize=96M -XX:MaxMetaspaceSize=256m -Djava.net.preferIPv4Stack=true -Djboss.modules.system.pkgs=org.jboss.byteman -Djava.awt.headless=true --add-exports=java.desktop/sun.awt=ALL-UNNAMED --add-exports=java.naming/com.sun.jndi.ldap=ALL-UNNAMED --add-exports=java.naming/com.sun.jndi.url.ldap=ALL-UNNAMED --add-exports=java.naming/com.sun.jndi.url.ldaps=ALL-UNNAMED --add-exports=jdk.naming.dns/com.sun.jndi.dns=ALL-UNNAMED --add-opens=java.base/java.lang=ALL-UNNAMED --add-opens=java.base/java.lang.invoke=ALL-UNNAMED --add-opens=java.base/java.lang.reflect=ALL-UNNAMED --add-opens=java.base/java.io=ALL-UNNAMED --add-opens=java.base/java.net=ALL-UNNAMED --add-opens=java.base/java.security=ALL-UNNAMED --add-opens=java.base/java.util=ALL-UNNAMED --add-opens=java.base/java.util.concurrent=ALL-UNNAMED --add-opens=java.management/javax.management=ALL-UNNAMED --add-opens=java.naming/javax.naming=ALL-UNNAMED -Djava.security.manager=allow -Dorg.jboss.boot.log.file=/Users/main/Documents/GitHub/Web-Programming/Laba2/wildfly-34.0.1.Final/standalone/log/server.log -Dlogging.configuration=file:/Users/main/Documents/GitHub/Web-Programming/Laba2/wildfly-34.0.1.Final/standalone/configuration/logging.properties 
2024-12-05 04:32:24,954 INFO  [org.wildfly.security] (Controller Boot Thread) ELY00001: WildFly Elytron version 2.6.0.Final
2024-12-05 04:32:25,158 INFO  [org.jboss.as.server] (Controller Boot Thread) WFLYSRV0039: Creating http management service using socket-binding (management-http)
2024-12-05 04:32:25,164 INFO  [org.xnio] (MSC service thread 1-6) XNIO version 3.8.16.Final
2024-12-05 04:32:25,166 INFO  [org.xnio.nio] (MSC service thread 1-6) XNIO NIO Implementation Version 3.8.16.Final
2024-12-05 04:32:25,175 INFO  [org.wildfly.extension.elytron.oidc._private] (ServerService Thread Pool -- 53) WFLYOIDC0001: Activating WildFly Elytron OIDC Subsystem
2024-12-05 04:32:25,176 INFO  [org.jboss.as.clustering.infinispan] (ServerService Thread Pool -- 55) WFLYCLINF0001: Activating Infinispan subsystem.
2024-12-05 04:32:25,177 INFO  [org.wildfly.extension.health] (ServerService Thread Pool -- 54) WFLYHEALTH0001: Activating Base Health Subsystem
2024-12-05 04:32:25,187 INFO  [org.wildfly.extension.microprofile.config.smallrye] (ServerService Thread Pool -- 65) WFLYCONF0001: Activating MicroProfile Config Subsystem
2024-12-05 04:32:25,188 INFO  [org.wildfly.extension.io] (ServerService Thread Pool -- 56) WFLYIO001: Worker 'default' has auto-configured to 16 IO threads with 128 max task threads based on your 8 available processors
2024-12-05 04:32:25,192 INFO  [org.jboss.as.jsf] (ServerService Thread Pool -- 62) WFLYJSF0007: Activated the following Jakarta Server Faces Implementations: [main]
2024-12-05 04:32:25,193 INFO  [org.wildfly.extension.microprofile.jwt.smallrye] (ServerService Thread Pool -- 66) WFLYJWT0001: Activating MicroProfile JWT Subsystem
2024-12-05 04:32:25,193 INFO  [org.jboss.as.jaxrs] (ServerService Thread Pool -- 57) WFLYRS0016: RESTEasy version 6.2.11.Final
2024-12-05 04:32:25,195 INFO  [org.jboss.as.connector] (MSC service thread 1-3) WFLYJCA0009: Starting Jakarta Connectors Subsystem (WildFly/IronJacamar 3.0.10.Final)
2024-12-05 04:32:25,197 INFO  [org.jboss.as.naming] (ServerService Thread Pool -- 67) WFLYNAM0001: Activating Naming Subsystem
2024-12-05 04:32:25,200 INFO  [org.wildfly.extension.metrics] (ServerService Thread Pool -- 64) WFLYMETRICS0001: Activating Base Metrics Subsystem
2024-12-05 04:32:25,208 WARN  [org.jboss.as.txn] (ServerService Thread Pool -- 74) WFLYTX0013: The node-identifier attribute on the /subsystem=transactions is set to the default value. This is a danger for environments running multiple servers. Please make sure the attribute value is unique.
2024-12-05 04:32:25,209 INFO  [org.jboss.as.webservices] (ServerService Thread Pool -- 76) WFLYWS0002: Activating WebServices Extension
2024-12-05 04:32:25,210 INFO  [org.jboss.as.server.deployment] (MSC service thread 1-7) WFLYSRV0027: Starting deployment of "Laba2.war" (runtime-name: "Laba2.war")
2024-12-05 04:32:25,216 INFO  [org.jboss.remoting] (MSC service thread 1-6) JBoss Remoting version 5.0.29.Final
2024-12-05 04:32:25,217 INFO  [org.jboss.as.connector.subsystems.datasources] (ServerService Thread Pool -- 44) WFLYJCA0004: Deploying JDBC-compliant driver class org.h2.Driver (version 2.2)
2024-12-05 04:32:25,222 INFO  [org.jboss.as.connector.deployers.jdbc] (MSC service thread 1-1) WFLYJCA0018: Started Driver service with driver-name = h2
2024-12-05 04:32:25,230 INFO  [org.jboss.as.naming] (MSC service thread 1-4) WFLYNAM0003: Starting Naming Service
2024-12-05 04:32:25,235 INFO  [org.jboss.as.mail.extension] (MSC service thread 1-4) WFLYMAIL0001: Bound mail session [java:jboss/mail/Default]
2024-12-05 04:32:25,241 WARN  [org.wildfly.extension.elytron] (MSC service thread 1-3) WFLYELY00023: KeyStore file '/Users/main/Documents/GitHub/Web-Programming/Laba2/wildfly-34.0.1.Final/standalone/configuration/application.keystore' does not exist. Used blank.
2024-12-05 04:32:25,243 INFO  [org.wildfly.extension.undertow] (MSC service thread 1-8) WFLYUT0003: Undertow 2.3.18.Final starting
2024-12-05 04:32:25,249 WARN  [org.wildfly.extension.elytron] (MSC service thread 1-1) WFLYELY01084: KeyStore /Users/main/Documents/GitHub/Web-Programming/Laba2/wildfly-34.0.1.Final/standalone/configuration/application.keystore not found, it will be auto-generated on first use with a self-signed certificate for host localhost
2024-12-05 04:32:25,266 INFO  [org.jboss.as.ejb3] (MSC service thread 1-6) WFLYEJB0482: Strict pool mdb-strict-max-pool is using a max instance size of 32 (per class), which is derived from the number of CPUs on this host.
2024-12-05 04:32:25,265 INFO  [org.jboss.as.ejb3] (MSC service thread 1-5) WFLYEJB0481: Strict pool slsb-strict-max-pool is using a max instance size of 128 (per class), which is derived from thread worker pool sizing.
2024-12-05 04:32:25,269 INFO  [org.wildfly.extension.undertow] (ServerService Thread Pool -- 75) WFLYUT0014: Creating file handler for path '/Users/main/Documents/GitHub/Web-Programming/Laba2/wildfly-34.0.1.Final/welcome-content' with options [directory-listing: 'false', follow-symlink: 'false', case-sensitive: 'true', safe-symlink-paths: '[]']
2024-12-05 04:32:25,274 INFO  [org.wildfly.extension.undertow] (MSC service thread 1-6) WFLYUT0012: Started server default-server.
2024-12-05 04:32:25,276 INFO  [org.wildfly.extension.undertow] (MSC service thread 1-6) Queuing requests.
2024-12-05 04:32:25,276 INFO  [org.wildfly.extension.undertow] (MSC service thread 1-6) WFLYUT0018: Host default-host starting
2024-12-05 04:32:25,318 INFO  [org.jboss.as.ejb3] (MSC service thread 1-5) WFLYEJB0493: Jakarta Enterprise Beans subsystem suspension complete
2024-12-05 04:32:25,322 INFO  [org.wildfly.extension.undertow] (MSC service thread 1-7) WFLYUT0006: Undertow HTTP listener default listening on 0.0.0.0:22012
2024-12-05 04:32:25,328 INFO  [org.jboss.as.server.deployment.scanner] (MSC service thread 1-7) WFLYDS0013: Started FileSystemDeploymentService for directory /Users/main/Documents/GitHub/Web-Programming/Laba2/wildfly-34.0.1.Final/standalone/deployments
2024-12-05 04:32:25,344 INFO  [org.jboss.as.connector.subsystems.datasources] (MSC service thread 1-7) WFLYJCA0001: Bound data source [java:jboss/datasources/ExampleDS]
2024-12-05 04:32:25,348 INFO  [org.wildfly.extension.undertow] (MSC service thread 1-2) WFLYUT0006: Undertow HTTPS listener https listening on 0.0.0.0:23012
2024-12-05 04:32:25,386 INFO  [org.jboss.ws.common.management] (MSC service thread 1-7) JBWS022052: Starting JBossWS 7.2.0.Final (Apache CXF 4.0.5) 
2024-12-05 04:32:25,737 INFO  [org.wildfly.extension.undertow] (ServerService Thread Pool -- 78) WFLYUT0021: Registered web context: '/Laba2' for server 'default-server'
2024-12-05 04:32:25,756 INFO  [org.jboss.as.server] (ServerService Thread Pool -- 45) WFLYSRV0010: Deployed "Laba2.war" (runtime-name : "Laba2.war")
2024-12-05 04:32:25,769 INFO  [org.jboss.as.server] (Controller Boot Thread) WFLYSRV0212: Resuming server
2024-12-05 04:32:25,772 INFO  [org.jboss.as] (Controller Boot Thread) WFLYSRV0060: Http management interface listening on http://127.0.0.1:24012/management
2024-12-05 04:32:25,772 INFO  [org.jboss.as] (Controller Boot Thread) WFLYSRV0051: Admin console listening on http://127.0.0.1:24012
2024-12-05 04:32:25,773 INFO  [org.jboss.as] (Controller Boot Thread) WFLYSRV0025: WildFly 34.0.1.Final (WildFly Core 26.0.1.Final) started in 1977ms - Started 407 of 613 services (327 services are lazy, passive or on-demand) - Server configuration file in use: standalone.xml - Minimum feature stability level: community
2024-12-05 04:32:38,126 ERROR [io.undertow.request] (default task-1) UT005023: Exception handling request to /Laba2/ControllerServlet: java.lang.NoClassDefFoundError: com/sun/net/httpserver/HttpHandler
	at deployment.Laba2.war//utils.MetricsHandler.initialize(MetricsHandler.java:28)
	at deployment.Laba2.war//servlets.ControllerServlet.init(ControllerServlet.java:18)
	at jakarta.servlet.api@6.0.0//jakarta.servlet.GenericServlet.init(GenericServlet.java:178)
	at jakarta.servlet.api@6.0.0//jakarta.servlet.http.HttpServlet.init(HttpServlet.java:107)
	at io.undertow.servlet@2.3.18.Final//io.undertow.servlet.core.LifecyleInterceptorInvocation.proceed(LifecyleInterceptorInvocation.java:117)
	at org.wildfly.security.elytron-web.undertow-server-servlet@4.1.0.Final//org.wildfly.elytron.web.undertow.server.servlet.RunAsLifecycleInterceptor.doIt(RunAsLifecycleInterceptor.java:70)
	at org.wildfly.security.elytron-web.undertow-server-servlet@4.1.0.Final//org.wildfly.elytron.web.undertow.server.servlet.RunAsLifecycleInterceptor.init(RunAsLifecycleInterceptor.java:76)
	at io.undertow.servlet@2.3.18.Final//io.undertow.servlet.core.LifecyleInterceptorInvocation.proceed(LifecyleInterceptorInvocation.java:103)
	at io.undertow.servlet@2.3.18.Final//io.undertow.servlet.core.ManagedServlet$DefaultInstanceStrategy.start(ManagedServlet.java:304)
	at io.undertow.servlet@2.3.18.Final//io.undertow.servlet.core.ManagedServlet.forceInit(ManagedServlet.java:207)
	at io.undertow.servlet@2.3.18.Final//io.undertow.servlet.handlers.ServletChain.forceInit(ServletChain.java:130)
	at io.undertow.servlet@2.3.18.Final//io.undertow.servlet.handlers.ServletChain$1.handleRequest(ServletChain.java:63)
	at io.undertow.servlet@2.3.18.Final//io.undertow.servlet.handlers.ServletDispatchingHandler.handleRequest(ServletDispatchingHandler.java:36)
	at org.wildfly.security.elytron-web.undertow-server@4.1.0.Final//org.wildfly.elytron.web.undertow.server.ElytronRunAsHandler.lambda$handleRequest$1(ElytronRunAsHandler.java:68)
	at org.wildfly.security.elytron-base@2.6.0.Final//org.wildfly.security.auth.server.FlexibleIdentityAssociation.runAsFunctionEx(FlexibleIdentityAssociation.java:103)
	at org.wildfly.security.elytron-base@2.6.0.Final//org.wildfly.security.auth.server.Scoped.runAsFunctionEx(Scoped.java:161)
	at org.wildfly.security.elytron-base@2.6.0.Final//org.wildfly.security.auth.server.Scoped.runAs(Scoped.java:73)
	at org.wildfly.security.elytron-web.undertow-server@4.1.0.Final//org.wildfly.elytron.web.undertow.server.ElytronRunAsHandler.handleRequest(ElytronRunAsHandler.java:67)
	at io.undertow.servlet@2.3.18.Final//io.undertow.servlet.handlers.RedirectDirHandler.handleRequest(RedirectDirHandler.java:68)
	at io.undertow.servlet@2.3.18.Final//io.undertow.servlet.handlers.security.SSLInformationAssociationHandler.handleRequest(SSLInformationAssociationHandler.java:117)
	at io.undertow.servlet@2.3.18.Final//io.undertow.servlet.handlers.security.ServletAuthenticationCallHandler.handleRequest(ServletAuthenticationCallHandler.java:57)
	at io.undertow.core@2.3.18.Final//io.undertow.server.handlers.PredicateHandler.handleRequest(PredicateHandler.java:43)
	at io.undertow.core@2.3.18.Final//io.undertow.security.handlers.AbstractConfidentialityHandler.handleRequest(AbstractConfidentialityHandler.java:46)
	at io.undertow.servlet@2.3.18.Final//io.undertow.servlet.handlers.security.ServletConfidentialityConstraintHandler.handleRequest(ServletConfidentialityConstraintHandler.java:64)
	at io.undertow.core@2.3.18.Final//io.undertow.security.handlers.AbstractSecurityContextAssociationHandler.handleRequest(AbstractSecurityContextAssociationHandler.java:43)
	at org.wildfly.security.elytron-web.undertow-server-servlet@4.1.0.Final//org.wildfly.elytron.web.undertow.server.servlet.CleanUpHandler.handleRequest(CleanUpHandler.java:38)
	at io.undertow.core@2.3.18.Final//io.undertow.server.handlers.PredicateHandler.handleRequest(PredicateHandler.java:43)
	at org.wildfly.extension.undertow@34.0.1.Final//org.wildfly.extension.undertow.security.jacc.JACCContextIdHandler.handleRequest(JACCContextIdHandler.java:44)
	at io.undertow.core@2.3.18.Final//io.undertow.server.handlers.PredicateHandler.handleRequest(PredicateHandler.java:43)
	at org.wildfly.extension.undertow@34.0.1.Final//org.wildfly.extension.undertow.deployment.GlobalRequestControllerHandler.handleRequest(GlobalRequestControllerHandler.java:51)
	at io.undertow.servlet@2.3.18.Final//io.undertow.servlet.handlers.SendErrorPageHandler.handleRequest(SendErrorPageHandler.java:52)
	at io.undertow.core@2.3.18.Final//io.undertow.server.handlers.PredicateHandler.handleRequest(PredicateHandler.java:43)
	at io.undertow.servlet@2.3.18.Final//io.undertow.servlet.handlers.ServletInitialHandler.handleFirstRequest(ServletInitialHandler.java:276)
	at io.undertow.servlet@2.3.18.Final//io.undertow.servlet.handlers.ServletInitialHandler$2.call(ServletInitialHandler.java:135)
	at io.undertow.servlet@2.3.18.Final//io.undertow.servlet.handlers.ServletInitialHandler$2.call(ServletInitialHandler.java:132)
	at io.undertow.servlet@2.3.18.Final//io.undertow.servlet.core.ServletRequestContextThreadSetupAction$1.call(ServletRequestContextThreadSetupAction.java:48)
	at io.undertow.servlet@2.3.18.Final//io.undertow.servlet.core.ContextClassLoaderSetupAction$1.call(ContextClassLoaderSetupAction.java:43)
	at org.wildfly.extension.undertow@34.0.1.Final//org.wildfly.extension.undertow.deployment.UndertowDeploymentInfoService$UndertowThreadSetupAction.lambda$create$0(UndertowDeploymentInfoService.java:1421)
	at org.wildfly.extension.undertow@34.0.1.Final//org.wildfly.extension.undertow.deployment.UndertowDeploymentInfoService$UndertowThreadSetupAction.lambda$create$0(UndertowDeploymentInfoService.java:1421)
	at org.wildfly.extension.undertow@34.0.1.Final//org.wildfly.extension.undertow.deployment.UndertowDeploymentInfoService$UndertowThreadSetupAction.lambda$create$0(UndertowDeploymentInfoService.java:1421)
	at org.wildfly.extension.undertow@34.0.1.Final//org.wildfly.extension.undertow.deployment.UndertowDeploymentInfoService$UndertowThreadSetupAction.lambda$create$0(UndertowDeploymentInfoService.java:1421)
	at io.undertow.servlet@2.3.18.Final//io.undertow.servlet.handlers.ServletInitialHandler.dispatchRequest(ServletInitialHandler.java:256)
	at io.undertow.servlet@2.3.18.Final//io.undertow.servlet.handlers.ServletInitialHandler$1.handleRequest(ServletInitialHandler.java:101)
	at io.undertow.core@2.3.18.Final//io.undertow.server.Connectors.executeRootHandler(Connectors.java:395)
	at io.undertow.core@2.3.18.Final//io.undertow.server.HttpServerExchange$1.run(HttpServerExchange.java:861)
	at org.jboss.threads@2.4.0.Final//org.jboss.threads.ContextClassLoaderSavingRunnable.run(ContextClassLoaderSavingRunnable.java:35)
	at org.jboss.threads@2.4.0.Final//org.jboss.threads.EnhancedQueueExecutor.safeRun(EnhancedQueueExecutor.java:1990)
	at org.jboss.threads@2.4.0.Final//org.jboss.threads.EnhancedQueueExecutor$ThreadBody.doRunTask(EnhancedQueueExecutor.java:1486)
	at org.jboss.threads@2.4.0.Final//org.jboss.threads.EnhancedQueueExecutor$ThreadBody.run(EnhancedQueueExecutor.java:1377)
	at org.jboss.xnio@3.8.16.Final//org.xnio.XnioWorker$WorkerThreadFactory$1$1.run(XnioWorker.java:1282)
	at java.base/java.lang.Thread.run(Thread.java:1575)
Caused by: java.lang.ClassNotFoundException: com.sun.net.httpserver.HttpHandler from [Module "deployment.Laba2.war" from Service Module Loader]
	at org.jboss.modules.ModuleClassLoader.findClass(ModuleClassLoader.java:200)
	at org.jboss.modules.ConcurrentClassLoader.performLoadClassUnchecked(ConcurrentClassLoader.java:408)
	at org.jboss.modules.ConcurrentClassLoader.performLoadClass(ConcurrentClassLoader.java:396)
	at org.jboss.modules.ConcurrentClassLoader.loadClass(ConcurrentClassLoader.java:115)
	... 51 more

2024-12-05 04:42:24,787 INFO  [org.jboss.as.repository] (ServerService Thread Pool -- 83) WFLYDR0009: Content /Users/main/Documents/GitHub/Web-Programming/Laba2/wildfly-34.0.1.Final/standalone/data/content/d3/23060526fd71a42dba74f91e6b6fc575ef1c07 is obsolete and will be removed
2024-12-05 04:42:24,820 INFO  [org.jboss.as.repository] (ServerService Thread Pool -- 83) WFLYDR0002: Content removed from location /Users/main/Documents/GitHub/Web-Programming/Laba2/wildfly-34.0.1.Final/standalone/data/content/d3/23060526fd71a42dba74f91e6b6fc575ef1c07/content
2024-12-05 04:44:07,534 INFO  [org.wildfly.extension.undertow] (ServerService Thread Pool -- 78) WFLYUT0022: Unregistered web context: '/Laba2' from server 'default-server'
2024-12-05 04:44:07,582 INFO  [org.jboss.as.server.deployment] (MSC service thread 1-7) WFLYSRV0028: Stopped deployment Laba2.war (runtime-name: Laba2.war) in 52ms
2024-12-05 04:44:07,668 INFO  [org.jboss.as.repository] (DeploymentScanner-threads - 2) WFLYDR0002: Content removed from location /Users/main/Documents/GitHub/Web-Programming/Laba2/wildfly-34.0.1.Final/standalone/data/content/0a/9e4ed53848e5dabae0c7cc1ee85fad4e2cfb5a/content
2024-12-05 04:44:07,669 INFO  [org.jboss.as.server] (DeploymentScanner-threads - 2) WFLYSRV0009: Undeployed "Laba2.war" (runtime-name: "Laba2.war")
2024-12-05 04:44:16,175 INFO  [org.jboss.as.server] (Thread-1) WFLYSRV0272: Suspending server
2024-12-05 04:44:16,180 INFO  [org.jboss.as.ejb3] (Thread-1) WFLYEJB0493: Jakarta Enterprise Beans subsystem suspension complete
2024-12-05 04:44:16,181 INFO  [org.jboss.as.server] (Thread-1) WFLYSRV0220: Server shutdown has been requested via an OS signal
2024-12-05 04:44:16,183 INFO  [org.jboss.as.connector.subsystems.datasources] (MSC service thread 1-5) WFLYJCA0010: Unbound data source [java:jboss/datasources/ExampleDS]
2024-12-05 04:44:16,188 INFO  [org.wildfly.extension.undertow] (MSC service thread 1-5) WFLYUT0019: Host default-host stopping
2024-12-05 04:44:16,189 INFO  [org.jboss.as.mail.extension] (MSC service thread 1-1) WFLYMAIL0002: Unbound mail session [java:jboss/mail/Default]
2024-12-05 04:44:16,190 INFO  [org.wildfly.extension.undertow] (MSC service thread 1-4) WFLYUT0008: Undertow HTTPS listener https suspending
2024-12-05 04:44:16,191 INFO  [org.wildfly.extension.undertow] (MSC service thread 1-6) WFLYUT0008: Undertow HTTP listener default suspending
2024-12-05 04:44:16,191 INFO  [org.jboss.as.connector.deployers.jdbc] (MSC service thread 1-1) WFLYJCA0019: Stopped Driver service with driver-name = h2
2024-12-05 04:44:16,191 INFO  [org.wildfly.extension.undertow] (MSC service thread 1-4) WFLYUT0007: Undertow HTTPS listener https stopped, was bound to 0.0.0.0:23012
2024-12-05 04:44:16,192 INFO  [org.wildfly.extension.undertow] (MSC service thread 1-6) WFLYUT0007: Undertow HTTP listener default stopped, was bound to 0.0.0.0:22012
2024-12-05 04:44:16,192 INFO  [org.wildfly.extension.undertow] (MSC service thread 1-2) WFLYUT0004: Undertow 2.3.18.Final stopping
2024-12-05 04:44:16,195 INFO  [org.jboss.as] (MSC service thread 1-8) WFLYSRV0050: WildFly 34.0.1.Final (WildFly Core 26.0.1.Final) stopped in 10ms
2024-12-05 04:44:39,529 INFO  [org.jboss.modules] (main) JBoss Modules version 2.1.5.Final
2024-12-05 04:44:40,040 INFO  [org.jboss.msc] (main) JBoss MSC version 1.5.5.Final
2024-12-05 04:44:40,043 INFO  [org.jboss.threads] (main) JBoss Threads version 2.4.0.Final
2024-12-05 04:44:40,084 INFO  [org.jboss.as] (MSC service thread 1-1) WFLYSRV0049: WildFly 34.0.1.Final (WildFly Core 26.0.1.Final) starting
2024-12-05 04:44:40,085 DEBUG [org.jboss.as.config] (MSC service thread 1-1) Configured system properties:
	[Standalone] = 
	apple.awt.application.name = Main
	file.encoding = UTF-8
	file.separator = /
	java.awt.headless = true
	java.class.path = /Users/main/Documents/GitHub/Web-Programming/Laba2/wildfly-34.0.1.Final/jboss-modules.jar
	java.class.version = 67.0
	java.home = /Users/main/Library/Java/JavaVirtualMachines/openjdk-23/Contents/Home
	java.io.tmpdir = /var/folders/ds/zwbkmf6j2x98w6ym14xpxl7w0000gn/T/
	java.library.path = /Users/main/Library/Java/Extensions:/Library/Java/Extensions:/Network/Library/Java/Extensions:/System/Library/Java/Extensions:/usr/lib/java:.
	java.net.preferIPv4Stack = true
	java.runtime.name = OpenJDK Runtime Environment
	java.runtime.version = 23+37-2369
	java.security.manager = allow
	java.specification.name = Java Platform API Specification
	java.specification.vendor = Oracle Corporation
	java.specification.version = 23
	java.util.logging.manager = org.jboss.logmanager.LogManager
	java.vendor = Oracle Corporation
	java.vendor.url = https://java.oracle.com/
	java.vendor.url.bug = https://bugreport.java.com/bugreport/
	java.version = 23
	java.version.date = 2024-09-17
	java.vm.compressedOopsMode = Zero based
	java.vm.info = mixed mode, sharing
	java.vm.name = OpenJDK 64-Bit Server VM
	java.vm.specification.name = Java Virtual Machine Specification
	java.vm.specification.vendor = Oracle Corporation
	java.vm.specification.version = 23
	java.vm.vendor = Oracle Corporation
	java.vm.version = 23+37-2369
	javax.management.builder.initial = org.jboss.as.jmx.PluggableMBeanServerBuilder
	jboss.home.dir = /Users/main/Documents/GitHub/Web-Programming/Laba2/wildfly-34.0.1.Final
	jboss.host.name = macbook-air-vladsmorodin
	jboss.modules.system.pkgs = org.jboss.byteman
	jboss.node.name = macbook-air-vladsmorodin
	jboss.qualified.host.name = macbook-air-vladsmorodin.local
	jboss.server.base.dir = /Users/main/Documents/GitHub/Web-Programming/Laba2/wildfly-34.0.1.Final/standalone
	jboss.server.config.dir = /Users/main/Documents/GitHub/Web-Programming/Laba2/wildfly-34.0.1.Final/standalone/configuration
	jboss.server.data.dir = /Users/main/Documents/GitHub/Web-Programming/Laba2/wildfly-34.0.1.Final/standalone/data
	jboss.server.log.dir = /Users/main/Documents/GitHub/Web-Programming/Laba2/wildfly-34.0.1.Final/standalone/log
	jboss.server.name = macbook-air-vladsmorodin
	jboss.server.persist.config = true
	jboss.server.temp.dir = /Users/main/Documents/GitHub/Web-Programming/Laba2/wildfly-34.0.1.Final/standalone/tmp
	jdk.debug = release
	jdk.serialFilter = maxbytes=10485760;maxdepth=128;maxarray=100000;maxrefs=300000
	line.separator = 

	logging.configuration = file:/Users/main/Documents/GitHub/Web-Programming/Laba2/wildfly-34.0.1.Final/standalone/configuration/logging.properties
	module.path = /Users/main/Documents/GitHub/Web-Programming/Laba2/wildfly-34.0.1.Final/modules
	native.encoding = UTF-8
	org.jboss.boot.log.file = /Users/main/Documents/GitHub/Web-Programming/Laba2/wildfly-34.0.1.Final/standalone/log/server.log
	org.jboss.resolver.warning = true
	os.arch = aarch64
	os.name = Mac OS X
	os.version = 14.3.1
	path.separator = :
	stderr.encoding = UTF-8
	stdout.encoding = UTF-8
	sun.arch.data.model = 64
	sun.boot.library.path = /Users/main/Library/Java/JavaVirtualMachines/openjdk-23/Contents/Home/lib
	sun.cpu.endian = little
	sun.io.unicode.encoding = UnicodeBig
	sun.java.command = /Users/main/Documents/GitHub/Web-Programming/Laba2/wildfly-34.0.1.Final/jboss-modules.jar -mp /Users/main/Documents/GitHub/Web-Programming/Laba2/wildfly-34.0.1.Final/modules org.jboss.as.standalone -Djboss.home.dir=/Users/main/Documents/GitHub/Web-Programming/Laba2/wildfly-34.0.1.Final -Djboss.server.base.dir=/Users/main/Documents/GitHub/Web-Programming/Laba2/wildfly-34.0.1.Final/standalone
	sun.java.launcher = SUN_STANDARD
	sun.jnu.encoding = UTF-8
	sun.management.compiler = HotSpot 64-Bit Tiered Compilers
	user.country = RU
	user.dir = /Users/main/Documents/GitHub/Web-Programming/Laba2/wildfly-34.0.1.Final/bin
	user.home = /Users/main
	user.language = ru
	user.name = main
	user.timezone = Europe/Moscow
2024-12-05 04:44:40,085 DEBUG [org.jboss.as.config] (MSC service thread 1-1) VM Arguments: -D[Standalone] -Djdk.serialFilter=maxbytes=10485760;maxdepth=128;maxarray=100000;maxrefs=300000 -Xms64m -Xmx512m -XX:MetaspaceSize=96M -XX:MaxMetaspaceSize=256m -Djava.net.preferIPv4Stack=true -Djboss.modules.system.pkgs=org.jboss.byteman -Djava.awt.headless=true --add-exports=java.desktop/sun.awt=ALL-UNNAMED --add-exports=java.naming/com.sun.jndi.ldap=ALL-UNNAMED --add-exports=java.naming/com.sun.jndi.url.ldap=ALL-UNNAMED --add-exports=java.naming/com.sun.jndi.url.ldaps=ALL-UNNAMED --add-exports=jdk.naming.dns/com.sun.jndi.dns=ALL-UNNAMED --add-opens=java.base/java.lang=ALL-UNNAMED --add-opens=java.base/java.lang.invoke=ALL-UNNAMED --add-opens=java.base/java.lang.reflect=ALL-UNNAMED --add-opens=java.base/java.io=ALL-UNNAMED --add-opens=java.base/java.net=ALL-UNNAMED --add-opens=java.base/java.security=ALL-UNNAMED --add-opens=java.base/java.util=ALL-UNNAMED --add-opens=java.base/java.util.concurrent=ALL-UNNAMED --add-opens=java.management/javax.management=ALL-UNNAMED --add-opens=java.naming/javax.naming=ALL-UNNAMED -Djava.security.manager=allow -Dorg.jboss.boot.log.file=/Users/main/Documents/GitHub/Web-Programming/Laba2/wildfly-34.0.1.Final/standalone/log/server.log -Dlogging.configuration=file:/Users/main/Documents/GitHub/Web-Programming/Laba2/wildfly-34.0.1.Final/standalone/configuration/logging.properties 
2024-12-05 04:44:40,391 INFO  [org.wildfly.security] (Controller Boot Thread) ELY00001: WildFly Elytron version 2.6.0.Final
2024-12-05 04:44:40,581 INFO  [org.jboss.as.repository] (ServerService Thread Pool -- 33) WFLYDR0001: Content added at location /Users/main/Documents/GitHub/Web-Programming/Laba2/wildfly-34.0.1.Final/standalone/data/content/84/fff18e45574c5bf7276bcd3f3d9661b183fbc1/content
2024-12-05 04:44:40,592 INFO  [org.jboss.as.server] (Controller Boot Thread) WFLYSRV0039: Creating http management service using socket-binding (management-http)
2024-12-05 04:44:40,598 INFO  [org.xnio] (MSC service thread 1-5) XNIO version 3.8.16.Final
2024-12-05 04:44:40,601 INFO  [org.xnio.nio] (MSC service thread 1-5) XNIO NIO Implementation Version 3.8.16.Final
2024-12-05 04:44:40,611 INFO  [org.wildfly.extension.elytron.oidc._private] (ServerService Thread Pool -- 53) WFLYOIDC0001: Activating WildFly Elytron OIDC Subsystem
2024-12-05 04:44:40,617 INFO  [org.jboss.as.clustering.infinispan] (ServerService Thread Pool -- 55) WFLYCLINF0001: Activating Infinispan subsystem.
2024-12-05 04:44:40,619 INFO  [org.wildfly.extension.health] (ServerService Thread Pool -- 54) WFLYHEALTH0001: Activating Base Health Subsystem
2024-12-05 04:44:40,621 INFO  [org.wildfly.extension.io] (ServerService Thread Pool -- 56) WFLYIO001: Worker 'default' has auto-configured to 16 IO threads with 128 max task threads based on your 8 available processors
2024-12-05 04:44:40,628 INFO  [org.jboss.as.jaxrs] (ServerService Thread Pool -- 57) WFLYRS0016: RESTEasy version 6.2.11.Final
2024-12-05 04:44:40,629 INFO  [org.wildfly.extension.microprofile.config.smallrye] (ServerService Thread Pool -- 65) WFLYCONF0001: Activating MicroProfile Config Subsystem
2024-12-05 04:44:40,635 INFO  [org.jboss.as.jsf] (ServerService Thread Pool -- 62) WFLYJSF0007: Activated the following Jakarta Server Faces Implementations: [main]
2024-12-05 04:44:40,635 INFO  [org.wildfly.extension.microprofile.jwt.smallrye] (ServerService Thread Pool -- 66) WFLYJWT0001: Activating MicroProfile JWT Subsystem
2024-12-05 04:44:40,638 INFO  [org.wildfly.extension.metrics] (ServerService Thread Pool -- 64) WFLYMETRICS0001: Activating Base Metrics Subsystem
2024-12-05 04:44:40,639 INFO  [org.jboss.as.connector] (MSC service thread 1-6) WFLYJCA0009: Starting Jakarta Connectors Subsystem (WildFly/IronJacamar 3.0.10.Final)
2024-12-05 04:44:40,640 INFO  [org.jboss.as.naming] (ServerService Thread Pool -- 67) WFLYNAM0001: Activating Naming Subsystem
2024-12-05 04:44:40,641 INFO  [org.jboss.as.connector.subsystems.datasources] (ServerService Thread Pool -- 44) WFLYJCA0004: Deploying JDBC-compliant driver class org.h2.Driver (version 2.2)
2024-12-05 04:44:40,643 WARN  [org.jboss.as.txn] (ServerService Thread Pool -- 74) WFLYTX0013: The node-identifier attribute on the /subsystem=transactions is set to the default value. This is a danger for environments running multiple servers. Please make sure the attribute value is unique.
2024-12-05 04:44:40,643 INFO  [org.jboss.as.server.deployment] (MSC service thread 1-3) WFLYSRV0027: Starting deployment of "Laba2.war" (runtime-name: "Laba2.war")
2024-12-05 04:44:40,647 INFO  [org.jboss.as.connector.deployers.jdbc] (MSC service thread 1-7) WFLYJCA0018: Started Driver service with driver-name = h2
2024-12-05 04:44:40,650 INFO  [org.jboss.remoting] (MSC service thread 1-5) JBoss Remoting version 5.0.29.Final
2024-12-05 04:44:40,655 INFO  [org.jboss.as.webservices] (ServerService Thread Pool -- 76) WFLYWS0002: Activating WebServices Extension
2024-12-05 04:44:40,673 WARN  [org.wildfly.extension.elytron] (MSC service thread 1-7) WFLYELY00023: KeyStore file '/Users/main/Documents/GitHub/Web-Programming/Laba2/wildfly-34.0.1.Final/standalone/configuration/application.keystore' does not exist. Used blank.
2024-12-05 04:44:40,676 INFO  [org.jboss.as.naming] (MSC service thread 1-6) WFLYNAM0003: Starting Naming Service
2024-12-05 04:44:40,677 INFO  [org.jboss.as.mail.extension] (MSC service thread 1-6) WFLYMAIL0001: Bound mail session [java:jboss/mail/Default]
2024-12-05 04:44:40,682 INFO  [org.wildfly.extension.undertow] (MSC service thread 1-3) WFLYUT0003: Undertow 2.3.18.Final starting
2024-12-05 04:44:40,685 WARN  [org.wildfly.extension.elytron] (MSC service thread 1-3) WFLYELY01084: KeyStore /Users/main/Documents/GitHub/Web-Programming/Laba2/wildfly-34.0.1.Final/standalone/configuration/application.keystore not found, it will be auto-generated on first use with a self-signed certificate for host localhost
2024-12-05 04:44:40,707 INFO  [org.jboss.as.ejb3] (MSC service thread 1-6) WFLYEJB0482: Strict pool mdb-strict-max-pool is using a max instance size of 32 (per class), which is derived from the number of CPUs on this host.
2024-12-05 04:44:40,707 INFO  [org.jboss.as.ejb3] (MSC service thread 1-4) WFLYEJB0481: Strict pool slsb-strict-max-pool is using a max instance size of 128 (per class), which is derived from thread worker pool sizing.
2024-12-05 04:44:40,719 INFO  [org.wildfly.extension.undertow] (ServerService Thread Pool -- 75) WFLYUT0014: Creating file handler for path '/Users/main/Documents/GitHub/Web-Programming/Laba2/wildfly-34.0.1.Final/welcome-content' with options [directory-listing: 'false', follow-symlink: 'false', case-sensitive: 'true', safe-symlink-paths: '[]']
2024-12-05 04:44:40,723 INFO  [org.wildfly.extension.undertow] (MSC service thread 1-7) WFLYUT0012: Started server default-server.
2024-12-05 04:44:40,724 INFO  [org.wildfly.extension.undertow] (MSC service thread 1-6) Queuing requests.
2024-12-05 04:44:40,725 INFO  [org.wildfly.extension.undertow] (MSC service thread 1-6) WFLYUT0018: Host default-host starting
2024-12-05 04:44:40,769 INFO  [org.wildfly.extension.undertow] (MSC service thread 1-5) WFLYUT0006: Undertow HTTP listener default listening on 0.0.0.0:22012
2024-12-05 04:44:40,778 INFO  [org.jboss.as.server.deployment.scanner] (MSC service thread 1-6) WFLYDS0013: Started FileSystemDeploymentService for directory /Users/main/Documents/GitHub/Web-Programming/Laba2/wildfly-34.0.1.Final/standalone/deployments
2024-12-05 04:44:40,781 INFO  [org.wildfly.extension.undertow] (MSC service thread 1-3) WFLYUT0006: Undertow HTTPS listener https listening on 0.0.0.0:23012
2024-12-05 04:44:40,781 INFO  [org.jboss.as.ejb3] (MSC service thread 1-2) WFLYEJB0493: Jakarta Enterprise Beans subsystem suspension complete
2024-12-05 04:44:40,802 INFO  [org.jboss.as.connector.subsystems.datasources] (MSC service thread 1-6) WFLYJCA0001: Bound data source [java:jboss/datasources/ExampleDS]
2024-12-05 04:44:40,825 INFO  [org.jboss.ws.common.management] (MSC service thread 1-4) JBWS022052: Starting JBossWS 7.2.0.Final (Apache CXF 4.0.5) 
2024-12-05 04:44:41,233 INFO  [org.wildfly.extension.undertow] (ServerService Thread Pool -- 79) WFLYUT0021: Registered web context: '/Laba2' for server 'default-server'
2024-12-05 04:44:41,251 INFO  [org.jboss.as.server] (ServerService Thread Pool -- 45) WFLYSRV0010: Deployed "Laba2.war" (runtime-name : "Laba2.war")
2024-12-05 04:44:41,265 INFO  [org.jboss.as.server] (Controller Boot Thread) WFLYSRV0212: Resuming server
2024-12-05 04:44:41,268 INFO  [org.jboss.as] (Controller Boot Thread) WFLYSRV0060: Http management interface listening on http://127.0.0.1:24012/management
2024-12-05 04:44:41,268 INFO  [org.jboss.as] (Controller Boot Thread) WFLYSRV0051: Admin console listening on http://127.0.0.1:24012
2024-12-05 04:44:41,269 INFO  [org.jboss.as] (Controller Boot Thread) WFLYSRV0025: WildFly 34.0.1.Final (WildFly Core 26.0.1.Final) started in 2046ms - Started 407 of 613 services (327 services are lazy, passive or on-demand) - Server configuration file in use: standalone.xml - Minimum feature stability level: community
2024-12-05 04:45:01,614 ERROR [io.undertow.request] (default task-1) UT005023: Exception handling request to /Laba2/ControllerServlet: java.lang.NoClassDefFoundError: com/sun/net/httpserver/HttpHandler
	at deployment.Laba2.war//utils.MetricsHandler.initialize(MetricsHandler.java:29)
	at deployment.Laba2.war//servlets.ControllerServlet.init(ControllerServlet.java:18)
	at jakarta.servlet.api@6.0.0//jakarta.servlet.GenericServlet.init(GenericServlet.java:178)
	at jakarta.servlet.api@6.0.0//jakarta.servlet.http.HttpServlet.init(HttpServlet.java:107)
	at io.undertow.servlet@2.3.18.Final//io.undertow.servlet.core.LifecyleInterceptorInvocation.proceed(LifecyleInterceptorInvocation.java:117)
	at org.wildfly.security.elytron-web.undertow-server-servlet@4.1.0.Final//org.wildfly.elytron.web.undertow.server.servlet.RunAsLifecycleInterceptor.doIt(RunAsLifecycleInterceptor.java:70)
	at org.wildfly.security.elytron-web.undertow-server-servlet@4.1.0.Final//org.wildfly.elytron.web.undertow.server.servlet.RunAsLifecycleInterceptor.init(RunAsLifecycleInterceptor.java:76)
	at io.undertow.servlet@2.3.18.Final//io.undertow.servlet.core.LifecyleInterceptorInvocation.proceed(LifecyleInterceptorInvocation.java:103)
	at io.undertow.servlet@2.3.18.Final//io.undertow.servlet.core.ManagedServlet$DefaultInstanceStrategy.start(ManagedServlet.java:304)
	at io.undertow.servlet@2.3.18.Final//io.undertow.servlet.core.ManagedServlet.forceInit(ManagedServlet.java:207)
	at io.undertow.servlet@2.3.18.Final//io.undertow.servlet.handlers.ServletChain.forceInit(ServletChain.java:130)
	at io.undertow.servlet@2.3.18.Final//io.undertow.servlet.handlers.ServletChain$1.handleRequest(ServletChain.java:63)
	at io.undertow.servlet@2.3.18.Final//io.undertow.servlet.handlers.ServletDispatchingHandler.handleRequest(ServletDispatchingHandler.java:36)
	at org.wildfly.security.elytron-web.undertow-server@4.1.0.Final//org.wildfly.elytron.web.undertow.server.ElytronRunAsHandler.lambda$handleRequest$1(ElytronRunAsHandler.java:68)
	at org.wildfly.security.elytron-base@2.6.0.Final//org.wildfly.security.auth.server.FlexibleIdentityAssociation.runAsFunctionEx(FlexibleIdentityAssociation.java:103)
	at org.wildfly.security.elytron-base@2.6.0.Final//org.wildfly.security.auth.server.Scoped.runAsFunctionEx(Scoped.java:161)
	at org.wildfly.security.elytron-base@2.6.0.Final//org.wildfly.security.auth.server.Scoped.runAs(Scoped.java:73)
	at org.wildfly.security.elytron-web.undertow-server@4.1.0.Final//org.wildfly.elytron.web.undertow.server.ElytronRunAsHandler.handleRequest(ElytronRunAsHandler.java:67)
	at io.undertow.servlet@2.3.18.Final//io.undertow.servlet.handlers.RedirectDirHandler.handleRequest(RedirectDirHandler.java:68)
	at io.undertow.servlet@2.3.18.Final//io.undertow.servlet.handlers.security.SSLInformationAssociationHandler.handleRequest(SSLInformationAssociationHandler.java:117)
	at io.undertow.servlet@2.3.18.Final//io.undertow.servlet.handlers.security.ServletAuthenticationCallHandler.handleRequest(ServletAuthenticationCallHandler.java:57)
	at io.undertow.core@2.3.18.Final//io.undertow.server.handlers.PredicateHandler.handleRequest(PredicateHandler.java:43)
	at io.undertow.core@2.3.18.Final//io.undertow.security.handlers.AbstractConfidentialityHandler.handleRequest(AbstractConfidentialityHandler.java:46)
	at io.undertow.servlet@2.3.18.Final//io.undertow.servlet.handlers.security.ServletConfidentialityConstraintHandler.handleRequest(ServletConfidentialityConstraintHandler.java:64)
	at io.undertow.core@2.3.18.Final//io.undertow.security.handlers.AbstractSecurityContextAssociationHandler.handleRequest(AbstractSecurityContextAssociationHandler.java:43)
	at org.wildfly.security.elytron-web.undertow-server-servlet@4.1.0.Final//org.wildfly.elytron.web.undertow.server.servlet.CleanUpHandler.handleRequest(CleanUpHandler.java:38)
	at io.undertow.core@2.3.18.Final//io.undertow.server.handlers.PredicateHandler.handleRequest(PredicateHandler.java:43)
	at org.wildfly.extension.undertow@34.0.1.Final//org.wildfly.extension.undertow.security.jacc.JACCContextIdHandler.handleRequest(JACCContextIdHandler.java:44)
	at io.undertow.core@2.3.18.Final//io.undertow.server.handlers.PredicateHandler.handleRequest(PredicateHandler.java:43)
	at org.wildfly.extension.undertow@34.0.1.Final//org.wildfly.extension.undertow.deployment.GlobalRequestControllerHandler.handleRequest(GlobalRequestControllerHandler.java:51)
	at io.undertow.servlet@2.3.18.Final//io.undertow.servlet.handlers.SendErrorPageHandler.handleRequest(SendErrorPageHandler.java:52)
	at io.undertow.core@2.3.18.Final//io.undertow.server.handlers.PredicateHandler.handleRequest(PredicateHandler.java:43)
	at io.undertow.servlet@2.3.18.Final//io.undertow.servlet.handlers.ServletInitialHandler.handleFirstRequest(ServletInitialHandler.java:276)
	at io.undertow.servlet@2.3.18.Final//io.undertow.servlet.handlers.ServletInitialHandler$2.call(ServletInitialHandler.java:135)
	at io.undertow.servlet@2.3.18.Final//io.undertow.servlet.handlers.ServletInitialHandler$2.call(ServletInitialHandler.java:132)
	at io.undertow.servlet@2.3.18.Final//io.undertow.servlet.core.ServletRequestContextThreadSetupAction$1.call(ServletRequestContextThreadSetupAction.java:48)
	at io.undertow.servlet@2.3.18.Final//io.undertow.servlet.core.ContextClassLoaderSetupAction$1.call(ContextClassLoaderSetupAction.java:43)
	at org.wildfly.extension.undertow@34.0.1.Final//org.wildfly.extension.undertow.deployment.UndertowDeploymentInfoService$UndertowThreadSetupAction.lambda$create$0(UndertowDeploymentInfoService.java:1421)
	at org.wildfly.extension.undertow@34.0.1.Final//org.wildfly.extension.undertow.deployment.UndertowDeploymentInfoService$UndertowThreadSetupAction.lambda$create$0(UndertowDeploymentInfoService.java:1421)
	at org.wildfly.extension.undertow@34.0.1.Final//org.wildfly.extension.undertow.deployment.UndertowDeploymentInfoService$UndertowThreadSetupAction.lambda$create$0(UndertowDeploymentInfoService.java:1421)
	at org.wildfly.extension.undertow@34.0.1.Final//org.wildfly.extension.undertow.deployment.UndertowDeploymentInfoService$UndertowThreadSetupAction.lambda$create$0(UndertowDeploymentInfoService.java:1421)
	at io.undertow.servlet@2.3.18.Final//io.undertow.servlet.handlers.ServletInitialHandler.dispatchRequest(ServletInitialHandler.java:256)
	at io.undertow.servlet@2.3.18.Final//io.undertow.servlet.handlers.ServletInitialHandler$1.handleRequest(ServletInitialHandler.java:101)
	at io.undertow.core@2.3.18.Final//io.undertow.server.Connectors.executeRootHandler(Connectors.java:395)
	at io.undertow.core@2.3.18.Final//io.undertow.server.HttpServerExchange$1.run(HttpServerExchange.java:861)
	at org.jboss.threads@2.4.0.Final//org.jboss.threads.ContextClassLoaderSavingRunnable.run(ContextClassLoaderSavingRunnable.java:35)
	at org.jboss.threads@2.4.0.Final//org.jboss.threads.EnhancedQueueExecutor.safeRun(EnhancedQueueExecutor.java:1990)
	at org.jboss.threads@2.4.0.Final//org.jboss.threads.EnhancedQueueExecutor$ThreadBody.doRunTask(EnhancedQueueExecutor.java:1486)
	at org.jboss.threads@2.4.0.Final//org.jboss.threads.EnhancedQueueExecutor$ThreadBody.run(EnhancedQueueExecutor.java:1377)
	at org.jboss.xnio@3.8.16.Final//org.xnio.XnioWorker$WorkerThreadFactory$1$1.run(XnioWorker.java:1282)
	at java.base/java.lang.Thread.run(Thread.java:1575)
Caused by: java.lang.ClassNotFoundException: com.sun.net.httpserver.HttpHandler from [Module "deployment.Laba2.war" from Service Module Loader]
	at org.jboss.modules.ModuleClassLoader.findClass(ModuleClassLoader.java:200)
	at org.jboss.modules.ConcurrentClassLoader.performLoadClassUnchecked(ConcurrentClassLoader.java:408)
	at org.jboss.modules.ConcurrentClassLoader.performLoadClass(ConcurrentClassLoader.java:396)
	at org.jboss.modules.ConcurrentClassLoader.loadClass(ConcurrentClassLoader.java:115)
	... 51 more

2024-12-05 04:48:24,527 INFO  [org.jboss.as.server] (Thread-1) WFLYSRV0272: Suspending server
2024-12-05 04:48:24,540 INFO  [org.jboss.as.ejb3] (Thread-1) WFLYEJB0493: Jakarta Enterprise Beans subsystem suspension complete
2024-12-05 04:48:24,543 INFO  [org.jboss.as.server] (Thread-1) WFLYSRV0220: Server shutdown has been requested via an OS signal
2024-12-05 04:48:24,557 INFO  [org.jboss.as.mail.extension] (MSC service thread 1-5) WFLYMAIL0002: Unbound mail session [java:jboss/mail/Default]
2024-12-05 04:48:24,557 INFO  [org.wildfly.extension.undertow] (ServerService Thread Pool -- 84) WFLYUT0022: Unregistered web context: '/Laba2' from server 'default-server'
2024-12-05 04:48:24,566 INFO  [org.wildfly.extension.undertow] (MSC service thread 1-3) WFLYUT0019: Host default-host stopping
2024-12-05 04:48:24,567 INFO  [org.jboss.as.connector.subsystems.datasources] (MSC service thread 1-1) WFLYJCA0010: Unbound data source [java:jboss/datasources/ExampleDS]
2024-12-05 04:48:24,568 INFO  [org.jboss.as.connector.deployers.jdbc] (MSC service thread 1-3) WFLYJCA0019: Stopped Driver service with driver-name = h2
2024-12-05 04:48:24,593 INFO  [org.wildfly.extension.undertow] (MSC service thread 1-3) WFLYUT0008: Undertow HTTP listener default suspending
2024-12-05 04:48:24,593 INFO  [org.wildfly.extension.undertow] (MSC service thread 1-2) WFLYUT0008: Undertow HTTPS listener https suspending
2024-12-05 04:48:24,594 INFO  [org.wildfly.extension.undertow] (MSC service thread 1-3) WFLYUT0007: Undertow HTTP listener default stopped, was bound to 0.0.0.0:22012
2024-12-05 04:48:24,594 INFO  [org.wildfly.extension.undertow] (MSC service thread 1-2) WFLYUT0007: Undertow HTTPS listener https stopped, was bound to 0.0.0.0:23012
2024-12-05 04:48:24,594 INFO  [org.wildfly.extension.undertow] (MSC service thread 1-6) WFLYUT0004: Undertow 2.3.18.Final stopping
2024-12-05 04:48:24,600 INFO  [org.jboss.as.server.deployment] (MSC service thread 1-1) WFLYSRV0028: Stopped deployment Laba2.war (runtime-name: Laba2.war) in 47ms
2024-12-05 04:48:24,604 INFO  [org.jboss.as] (MSC service thread 1-5) WFLYSRV0050: WildFly 34.0.1.Final (WildFly Core 26.0.1.Final) stopped in 51ms
2024-12-05 04:48:52,293 INFO  [org.jboss.modules] (main) JBoss Modules version 2.1.5.Final
2024-12-05 04:48:52,679 INFO  [org.jboss.msc] (main) JBoss MSC version 1.5.5.Final
2024-12-05 04:48:52,682 INFO  [org.jboss.threads] (main) JBoss Threads version 2.4.0.Final
2024-12-05 04:48:52,722 INFO  [org.jboss.as] (MSC service thread 1-3) WFLYSRV0049: WildFly 34.0.1.Final (WildFly Core 26.0.1.Final) starting
2024-12-05 04:48:52,723 DEBUG [org.jboss.as.config] (MSC service thread 1-3) Configured system properties:
	[Standalone] = 
	apple.awt.application.name = Main
	file.encoding = UTF-8
	file.separator = /
	java.awt.headless = true
	java.class.path = /Users/main/Documents/GitHub/Web-Programming/Laba2/wildfly-34.0.1.Final/jboss-modules.jar
	java.class.version = 67.0
	java.home = /Users/main/Library/Java/JavaVirtualMachines/openjdk-23/Contents/Home
	java.io.tmpdir = /var/folders/ds/zwbkmf6j2x98w6ym14xpxl7w0000gn/T/
	java.library.path = /Users/main/Library/Java/Extensions:/Library/Java/Extensions:/Network/Library/Java/Extensions:/System/Library/Java/Extensions:/usr/lib/java:.
	java.net.preferIPv4Stack = true
	java.runtime.name = OpenJDK Runtime Environment
	java.runtime.version = 23+37-2369
	java.security.manager = allow
	java.specification.name = Java Platform API Specification
	java.specification.vendor = Oracle Corporation
	java.specification.version = 23
	java.util.logging.manager = org.jboss.logmanager.LogManager
	java.vendor = Oracle Corporation
	java.vendor.url = https://java.oracle.com/
	java.vendor.url.bug = https://bugreport.java.com/bugreport/
	java.version = 23
	java.version.date = 2024-09-17
	java.vm.compressedOopsMode = Zero based
	java.vm.info = mixed mode, sharing
	java.vm.name = OpenJDK 64-Bit Server VM
	java.vm.specification.name = Java Virtual Machine Specification
	java.vm.specification.vendor = Oracle Corporation
	java.vm.specification.version = 23
	java.vm.vendor = Oracle Corporation
	java.vm.version = 23+37-2369
	javax.management.builder.initial = org.jboss.as.jmx.PluggableMBeanServerBuilder
	jboss.home.dir = /Users/main/Documents/GitHub/Web-Programming/Laba2/wildfly-34.0.1.Final
	jboss.host.name = macbook-air-vladsmorodin
	jboss.modules.system.pkgs = org.jboss.byteman
	jboss.node.name = macbook-air-vladsmorodin
	jboss.qualified.host.name = macbook-air-vladsmorodin.local
	jboss.server.base.dir = /Users/main/Documents/GitHub/Web-Programming/Laba2/wildfly-34.0.1.Final/standalone
	jboss.server.config.dir = /Users/main/Documents/GitHub/Web-Programming/Laba2/wildfly-34.0.1.Final/standalone/configuration
	jboss.server.data.dir = /Users/main/Documents/GitHub/Web-Programming/Laba2/wildfly-34.0.1.Final/standalone/data
	jboss.server.log.dir = /Users/main/Documents/GitHub/Web-Programming/Laba2/wildfly-34.0.1.Final/standalone/log
	jboss.server.name = macbook-air-vladsmorodin
	jboss.server.persist.config = true
	jboss.server.temp.dir = /Users/main/Documents/GitHub/Web-Programming/Laba2/wildfly-34.0.1.Final/standalone/tmp
	jdk.debug = release
	jdk.serialFilter = maxbytes=10485760;maxdepth=128;maxarray=100000;maxrefs=300000
	line.separator = 

	logging.configuration = file:/Users/main/Documents/GitHub/Web-Programming/Laba2/wildfly-34.0.1.Final/standalone/configuration/logging.properties
	module.path = /Users/main/Documents/GitHub/Web-Programming/Laba2/wildfly-34.0.1.Final/modules
	native.encoding = UTF-8
	org.jboss.boot.log.file = /Users/main/Documents/GitHub/Web-Programming/Laba2/wildfly-34.0.1.Final/standalone/log/server.log
	org.jboss.resolver.warning = true
	os.arch = aarch64
	os.name = Mac OS X
	os.version = 14.3.1
	path.separator = :
	stderr.encoding = UTF-8
	stdout.encoding = UTF-8
	sun.arch.data.model = 64
	sun.boot.library.path = /Users/main/Library/Java/JavaVirtualMachines/openjdk-23/Contents/Home/lib
	sun.cpu.endian = little
	sun.io.unicode.encoding = UnicodeBig
	sun.java.command = /Users/main/Documents/GitHub/Web-Programming/Laba2/wildfly-34.0.1.Final/jboss-modules.jar -mp /Users/main/Documents/GitHub/Web-Programming/Laba2/wildfly-34.0.1.Final/modules org.jboss.as.standalone -Djboss.home.dir=/Users/main/Documents/GitHub/Web-Programming/Laba2/wildfly-34.0.1.Final -Djboss.server.base.dir=/Users/main/Documents/GitHub/Web-Programming/Laba2/wildfly-34.0.1.Final/standalone
	sun.java.launcher = SUN_STANDARD
	sun.jnu.encoding = UTF-8
	sun.management.compiler = HotSpot 64-Bit Tiered Compilers
	user.country = RU
	user.dir = /Users/main/Documents/GitHub/Web-Programming/Laba2/wildfly-34.0.1.Final/bin
	user.home = /Users/main
	user.language = ru
	user.name = main
	user.timezone = Europe/Moscow
2024-12-05 04:48:52,723 DEBUG [org.jboss.as.config] (MSC service thread 1-3) VM Arguments: -D[Standalone] -Djdk.serialFilter=maxbytes=10485760;maxdepth=128;maxarray=100000;maxrefs=300000 -Xms64m -Xmx512m -XX:MetaspaceSize=96M -XX:MaxMetaspaceSize=256m -Djava.net.preferIPv4Stack=true -Djboss.modules.system.pkgs=org.jboss.byteman -Djava.awt.headless=true --add-exports=java.desktop/sun.awt=ALL-UNNAMED --add-exports=java.naming/com.sun.jndi.ldap=ALL-UNNAMED --add-exports=java.naming/com.sun.jndi.url.ldap=ALL-UNNAMED --add-exports=java.naming/com.sun.jndi.url.ldaps=ALL-UNNAMED --add-exports=jdk.naming.dns/com.sun.jndi.dns=ALL-UNNAMED --add-opens=java.base/java.lang=ALL-UNNAMED --add-opens=java.base/java.lang.invoke=ALL-UNNAMED --add-opens=java.base/java.lang.reflect=ALL-UNNAMED --add-opens=java.base/java.io=ALL-UNNAMED --add-opens=java.base/java.net=ALL-UNNAMED --add-opens=java.base/java.security=ALL-UNNAMED --add-opens=java.base/java.util=ALL-UNNAMED --add-opens=java.base/java.util.concurrent=ALL-UNNAMED --add-opens=java.management/javax.management=ALL-UNNAMED --add-opens=java.naming/javax.naming=ALL-UNNAMED -Djava.security.manager=allow -Dorg.jboss.boot.log.file=/Users/main/Documents/GitHub/Web-Programming/Laba2/wildfly-34.0.1.Final/standalone/log/server.log -Dlogging.configuration=file:/Users/main/Documents/GitHub/Web-Programming/Laba2/wildfly-34.0.1.Final/standalone/configuration/logging.properties 
2024-12-05 04:48:53,029 INFO  [org.wildfly.security] (Controller Boot Thread) ELY00001: WildFly Elytron version 2.6.0.Final
2024-12-05 04:48:53,224 INFO  [org.jboss.as.repository] (ServerService Thread Pool -- 35) WFLYDR0001: Content added at location /Users/main/Documents/GitHub/Web-Programming/Laba2/wildfly-34.0.1.Final/standalone/data/content/fc/563cc65339aec57433c753622524ce19f3a8c8/content
2024-12-05 04:48:53,235 INFO  [org.jboss.as.server] (Controller Boot Thread) WFLYSRV0039: Creating http management service using socket-binding (management-http)
2024-12-05 04:48:53,239 INFO  [org.xnio] (MSC service thread 1-5) XNIO version 3.8.16.Final
2024-12-05 04:48:53,242 INFO  [org.xnio.nio] (MSC service thread 1-5) XNIO NIO Implementation Version 3.8.16.Final
2024-12-05 04:48:53,250 INFO  [org.wildfly.extension.elytron.oidc._private] (ServerService Thread Pool -- 53) WFLYOIDC0001: Activating WildFly Elytron OIDC Subsystem
2024-12-05 04:48:53,256 INFO  [org.wildfly.extension.health] (ServerService Thread Pool -- 54) WFLYHEALTH0001: Activating Base Health Subsystem
2024-12-05 04:48:53,256 INFO  [org.jboss.as.clustering.infinispan] (ServerService Thread Pool -- 55) WFLYCLINF0001: Activating Infinispan subsystem.
2024-12-05 04:48:53,262 INFO  [org.jboss.as.server.deployment] (MSC service thread 1-3) WFLYSRV0027: Starting deployment of "Laba2.war" (runtime-name: "Laba2.war")
2024-12-05 04:48:53,267 INFO  [org.jboss.as.connector.subsystems.datasources] (ServerService Thread Pool -- 44) WFLYJCA0004: Deploying JDBC-compliant driver class org.h2.Driver (version 2.2)
2024-12-05 04:48:53,270 INFO  [org.wildfly.extension.io] (ServerService Thread Pool -- 56) WFLYIO001: Worker 'default' has auto-configured to 16 IO threads with 128 max task threads based on your 8 available processors
2024-12-05 04:48:53,273 INFO  [org.jboss.remoting] (MSC service thread 1-7) JBoss Remoting version 5.0.29.Final
2024-12-05 04:48:53,280 WARN  [org.wildfly.extension.elytron] (MSC service thread 1-4) WFLYELY00023: KeyStore file '/Users/main/Documents/GitHub/Web-Programming/Laba2/wildfly-34.0.1.Final/standalone/configuration/application.keystore' does not exist. Used blank.
2024-12-05 04:48:53,283 INFO  [org.jboss.as.connector] (MSC service thread 1-6) WFLYJCA0009: Starting Jakarta Connectors Subsystem (WildFly/IronJacamar 3.0.10.Final)
2024-12-05 04:48:53,285 INFO  [org.jboss.as.connector.deployers.jdbc] (MSC service thread 1-4) WFLYJCA0018: Started Driver service with driver-name = h2
2024-12-05 04:48:53,286 WARN  [org.wildfly.extension.elytron] (MSC service thread 1-7) WFLYELY01084: KeyStore /Users/main/Documents/GitHub/Web-Programming/Laba2/wildfly-34.0.1.Final/standalone/configuration/application.keystore not found, it will be auto-generated on first use with a self-signed certificate for host localhost
2024-12-05 04:48:53,286 INFO  [org.jboss.as.jaxrs] (ServerService Thread Pool -- 57) WFLYRS0016: RESTEasy version 6.2.11.Final
2024-12-05 04:48:53,294 INFO  [org.wildfly.extension.microprofile.config.smallrye] (ServerService Thread Pool -- 65) WFLYCONF0001: Activating MicroProfile Config Subsystem
2024-12-05 04:48:53,298 INFO  [org.wildfly.extension.metrics] (ServerService Thread Pool -- 64) WFLYMETRICS0001: Activating Base Metrics Subsystem
2024-12-05 04:48:53,298 INFO  [org.jboss.as.jsf] (ServerService Thread Pool -- 62) WFLYJSF0007: Activated the following Jakarta Server Faces Implementations: [main]
2024-12-05 04:48:53,301 INFO  [org.wildfly.extension.microprofile.jwt.smallrye] (ServerService Thread Pool -- 66) WFLYJWT0001: Activating MicroProfile JWT Subsystem
2024-12-05 04:48:53,303 INFO  [org.jboss.as.naming] (ServerService Thread Pool -- 67) WFLYNAM0001: Activating Naming Subsystem
2024-12-05 04:48:53,308 WARN  [org.jboss.as.txn] (ServerService Thread Pool -- 74) WFLYTX0013: The node-identifier attribute on the /subsystem=transactions is set to the default value. This is a danger for environments running multiple servers. Please make sure the attribute value is unique.
2024-12-05 04:48:53,310 INFO  [org.jboss.as.naming] (MSC service thread 1-4) WFLYNAM0003: Starting Naming Service
2024-12-05 04:48:53,311 INFO  [org.jboss.as.mail.extension] (MSC service thread 1-2) WFLYMAIL0001: Bound mail session [java:jboss/mail/Default]
2024-12-05 04:48:53,314 INFO  [org.jboss.as.webservices] (ServerService Thread Pool -- 76) WFLYWS0002: Activating WebServices Extension
2024-12-05 04:48:53,322 INFO  [org.jboss.as.ejb3] (MSC service thread 1-5) WFLYEJB0481: Strict pool slsb-strict-max-pool is using a max instance size of 128 (per class), which is derived from thread worker pool sizing.
2024-12-05 04:48:53,322 INFO  [org.jboss.as.ejb3] (MSC service thread 1-4) WFLYEJB0482: Strict pool mdb-strict-max-pool is using a max instance size of 32 (per class), which is derived from the number of CPUs on this host.
2024-12-05 04:48:53,340 INFO  [org.wildfly.extension.undertow] (MSC service thread 1-4) WFLYUT0003: Undertow 2.3.18.Final starting
2024-12-05 04:48:53,354 INFO  [org.wildfly.extension.undertow] (ServerService Thread Pool -- 75) WFLYUT0014: Creating file handler for path '/Users/main/Documents/GitHub/Web-Programming/Laba2/wildfly-34.0.1.Final/welcome-content' with options [directory-listing: 'false', follow-symlink: 'false', case-sensitive: 'true', safe-symlink-paths: '[]']
2024-12-05 04:48:53,358 INFO  [org.wildfly.extension.undertow] (MSC service thread 1-8) WFLYUT0012: Started server default-server.
2024-12-05 04:48:53,359 INFO  [org.wildfly.extension.undertow] (MSC service thread 1-8) Queuing requests.
2024-12-05 04:48:53,359 INFO  [org.wildfly.extension.undertow] (MSC service thread 1-8) WFLYUT0018: Host default-host starting
2024-12-05 04:48:53,381 INFO  [org.wildfly.extension.undertow] (MSC service thread 1-4) WFLYUT0006: Undertow HTTP listener default listening on 0.0.0.0:22012
2024-12-05 04:48:53,382 INFO  [org.wildfly.extension.undertow] (MSC service thread 1-8) WFLYUT0006: Undertow HTTPS listener https listening on 0.0.0.0:23012
2024-12-05 04:48:53,400 INFO  [org.jboss.as.ejb3] (MSC service thread 1-5) WFLYEJB0493: Jakarta Enterprise Beans subsystem suspension complete
2024-12-05 04:48:53,407 INFO  [org.jboss.as.server.deployment.scanner] (MSC service thread 1-5) WFLYDS0013: Started FileSystemDeploymentService for directory /Users/main/Documents/GitHub/Web-Programming/Laba2/wildfly-34.0.1.Final/standalone/deployments
2024-12-05 04:48:53,424 INFO  [org.jboss.as.connector.subsystems.datasources] (MSC service thread 1-6) WFLYJCA0001: Bound data source [java:jboss/datasources/ExampleDS]
2024-12-05 04:48:53,448 INFO  [org.jboss.ws.common.management] (MSC service thread 1-3) JBWS022052: Starting JBossWS 7.2.0.Final (Apache CXF 4.0.5) 
2024-12-05 04:48:53,888 INFO  [org.wildfly.extension.undertow] (ServerService Thread Pool -- 81) WFLYUT0021: Registered web context: '/Laba2' for server 'default-server'
2024-12-05 04:48:53,910 INFO  [org.jboss.as.server] (ServerService Thread Pool -- 45) WFLYSRV0010: Deployed "Laba2.war" (runtime-name : "Laba2.war")
2024-12-05 04:48:53,926 INFO  [org.jboss.as.server] (Controller Boot Thread) WFLYSRV0212: Resuming server
2024-12-05 04:48:53,929 INFO  [org.jboss.as] (Controller Boot Thread) WFLYSRV0060: Http management interface listening on http://127.0.0.1:24012/management
2024-12-05 04:48:53,929 INFO  [org.jboss.as] (Controller Boot Thread) WFLYSRV0051: Admin console listening on http://127.0.0.1:24012
2024-12-05 04:48:53,930 INFO  [org.jboss.as] (Controller Boot Thread) WFLYSRV0025: WildFly 34.0.1.Final (WildFly Core 26.0.1.Final) started in 1917ms - Started 407 of 613 services (327 services are lazy, passive or on-demand) - Server configuration file in use: standalone.xml - Minimum feature stability level: community
2024-12-05 04:49:17,814 ERROR [io.undertow.request] (default task-1) UT005023: Exception handling request to /Laba2/ControllerServlet: java.lang.NoClassDefFoundError: com/sun/net/httpserver/HttpHandler
	at deployment.Laba2.war//utils.MetricsHandler.initialize(MetricsHandler.java:29)
	at deployment.Laba2.war//servlets.ControllerServlet.init(ControllerServlet.java:18)
	at jakarta.servlet.api@6.0.0//jakarta.servlet.GenericServlet.init(GenericServlet.java:178)
	at jakarta.servlet.api@6.0.0//jakarta.servlet.http.HttpServlet.init(HttpServlet.java:107)
	at io.undertow.servlet@2.3.18.Final//io.undertow.servlet.core.LifecyleInterceptorInvocation.proceed(LifecyleInterceptorInvocation.java:117)
	at org.wildfly.security.elytron-web.undertow-server-servlet@4.1.0.Final//org.wildfly.elytron.web.undertow.server.servlet.RunAsLifecycleInterceptor.doIt(RunAsLifecycleInterceptor.java:70)
	at org.wildfly.security.elytron-web.undertow-server-servlet@4.1.0.Final//org.wildfly.elytron.web.undertow.server.servlet.RunAsLifecycleInterceptor.init(RunAsLifecycleInterceptor.java:76)
	at io.undertow.servlet@2.3.18.Final//io.undertow.servlet.core.LifecyleInterceptorInvocation.proceed(LifecyleInterceptorInvocation.java:103)
	at io.undertow.servlet@2.3.18.Final//io.undertow.servlet.core.ManagedServlet$DefaultInstanceStrategy.start(ManagedServlet.java:304)
	at io.undertow.servlet@2.3.18.Final//io.undertow.servlet.core.ManagedServlet.forceInit(ManagedServlet.java:207)
	at io.undertow.servlet@2.3.18.Final//io.undertow.servlet.handlers.ServletChain.forceInit(ServletChain.java:130)
	at io.undertow.servlet@2.3.18.Final//io.undertow.servlet.handlers.ServletChain$1.handleRequest(ServletChain.java:63)
	at io.undertow.servlet@2.3.18.Final//io.undertow.servlet.handlers.ServletDispatchingHandler.handleRequest(ServletDispatchingHandler.java:36)
	at org.wildfly.security.elytron-web.undertow-server@4.1.0.Final//org.wildfly.elytron.web.undertow.server.ElytronRunAsHandler.lambda$handleRequest$1(ElytronRunAsHandler.java:68)
	at org.wildfly.security.elytron-base@2.6.0.Final//org.wildfly.security.auth.server.FlexibleIdentityAssociation.runAsFunctionEx(FlexibleIdentityAssociation.java:103)
	at org.wildfly.security.elytron-base@2.6.0.Final//org.wildfly.security.auth.server.Scoped.runAsFunctionEx(Scoped.java:161)
	at org.wildfly.security.elytron-base@2.6.0.Final//org.wildfly.security.auth.server.Scoped.runAs(Scoped.java:73)
	at org.wildfly.security.elytron-web.undertow-server@4.1.0.Final//org.wildfly.elytron.web.undertow.server.ElytronRunAsHandler.handleRequest(ElytronRunAsHandler.java:67)
	at io.undertow.servlet@2.3.18.Final//io.undertow.servlet.handlers.RedirectDirHandler.handleRequest(RedirectDirHandler.java:68)
	at io.undertow.servlet@2.3.18.Final//io.undertow.servlet.handlers.security.SSLInformationAssociationHandler.handleRequest(SSLInformationAssociationHandler.java:117)
	at io.undertow.servlet@2.3.18.Final//io.undertow.servlet.handlers.security.ServletAuthenticationCallHandler.handleRequest(ServletAuthenticationCallHandler.java:57)
	at io.undertow.core@2.3.18.Final//io.undertow.server.handlers.PredicateHandler.handleRequest(PredicateHandler.java:43)
	at io.undertow.core@2.3.18.Final//io.undertow.security.handlers.AbstractConfidentialityHandler.handleRequest(AbstractConfidentialityHandler.java:46)
	at io.undertow.servlet@2.3.18.Final//io.undertow.servlet.handlers.security.ServletConfidentialityConstraintHandler.handleRequest(ServletConfidentialityConstraintHandler.java:64)
	at io.undertow.core@2.3.18.Final//io.undertow.security.handlers.AbstractSecurityContextAssociationHandler.handleRequest(AbstractSecurityContextAssociationHandler.java:43)
	at org.wildfly.security.elytron-web.undertow-server-servlet@4.1.0.Final//org.wildfly.elytron.web.undertow.server.servlet.CleanUpHandler.handleRequest(CleanUpHandler.java:38)
	at io.undertow.core@2.3.18.Final//io.undertow.server.handlers.PredicateHandler.handleRequest(PredicateHandler.java:43)
	at org.wildfly.extension.undertow@34.0.1.Final//org.wildfly.extension.undertow.security.jacc.JACCContextIdHandler.handleRequest(JACCContextIdHandler.java:44)
	at io.undertow.core@2.3.18.Final//io.undertow.server.handlers.PredicateHandler.handleRequest(PredicateHandler.java:43)
	at org.wildfly.extension.undertow@34.0.1.Final//org.wildfly.extension.undertow.deployment.GlobalRequestControllerHandler.handleRequest(GlobalRequestControllerHandler.java:51)
	at io.undertow.servlet@2.3.18.Final//io.undertow.servlet.handlers.SendErrorPageHandler.handleRequest(SendErrorPageHandler.java:52)
	at io.undertow.core@2.3.18.Final//io.undertow.server.handlers.PredicateHandler.handleRequest(PredicateHandler.java:43)
	at io.undertow.servlet@2.3.18.Final//io.undertow.servlet.handlers.ServletInitialHandler.handleFirstRequest(ServletInitialHandler.java:276)
	at io.undertow.servlet@2.3.18.Final//io.undertow.servlet.handlers.ServletInitialHandler$2.call(ServletInitialHandler.java:135)
	at io.undertow.servlet@2.3.18.Final//io.undertow.servlet.handlers.ServletInitialHandler$2.call(ServletInitialHandler.java:132)
	at io.undertow.servlet@2.3.18.Final//io.undertow.servlet.core.ServletRequestContextThreadSetupAction$1.call(ServletRequestContextThreadSetupAction.java:48)
	at io.undertow.servlet@2.3.18.Final//io.undertow.servlet.core.ContextClassLoaderSetupAction$1.call(ContextClassLoaderSetupAction.java:43)
	at org.wildfly.extension.undertow@34.0.1.Final//org.wildfly.extension.undertow.deployment.UndertowDeploymentInfoService$UndertowThreadSetupAction.lambda$create$0(UndertowDeploymentInfoService.java:1421)
	at org.wildfly.extension.undertow@34.0.1.Final//org.wildfly.extension.undertow.deployment.UndertowDeploymentInfoService$UndertowThreadSetupAction.lambda$create$0(UndertowDeploymentInfoService.java:1421)
	at org.wildfly.extension.undertow@34.0.1.Final//org.wildfly.extension.undertow.deployment.UndertowDeploymentInfoService$UndertowThreadSetupAction.lambda$create$0(UndertowDeploymentInfoService.java:1421)
	at org.wildfly.extension.undertow@34.0.1.Final//org.wildfly.extension.undertow.deployment.UndertowDeploymentInfoService$UndertowThreadSetupAction.lambda$create$0(UndertowDeploymentInfoService.java:1421)
	at io.undertow.servlet@2.3.18.Final//io.undertow.servlet.handlers.ServletInitialHandler.dispatchRequest(ServletInitialHandler.java:256)
	at io.undertow.servlet@2.3.18.Final//io.undertow.servlet.handlers.ServletInitialHandler$1.handleRequest(ServletInitialHandler.java:101)
	at io.undertow.core@2.3.18.Final//io.undertow.server.Connectors.executeRootHandler(Connectors.java:395)
	at io.undertow.core@2.3.18.Final//io.undertow.server.HttpServerExchange$1.run(HttpServerExchange.java:861)
	at org.jboss.threads@2.4.0.Final//org.jboss.threads.ContextClassLoaderSavingRunnable.run(ContextClassLoaderSavingRunnable.java:35)
	at org.jboss.threads@2.4.0.Final//org.jboss.threads.EnhancedQueueExecutor.safeRun(EnhancedQueueExecutor.java:1990)
	at org.jboss.threads@2.4.0.Final//org.jboss.threads.EnhancedQueueExecutor$ThreadBody.doRunTask(EnhancedQueueExecutor.java:1486)
	at org.jboss.threads@2.4.0.Final//org.jboss.threads.EnhancedQueueExecutor$ThreadBody.run(EnhancedQueueExecutor.java:1377)
	at org.jboss.xnio@3.8.16.Final//org.xnio.XnioWorker$WorkerThreadFactory$1$1.run(XnioWorker.java:1282)
	at java.base/java.lang.Thread.run(Thread.java:1575)
Caused by: java.lang.ClassNotFoundException: com.sun.net.httpserver.HttpHandler from [Module "deployment.Laba2.war" from Service Module Loader]
	at org.jboss.modules.ModuleClassLoader.findClass(ModuleClassLoader.java:200)
	at org.jboss.modules.ConcurrentClassLoader.performLoadClassUnchecked(ConcurrentClassLoader.java:408)
	at org.jboss.modules.ConcurrentClassLoader.performLoadClass(ConcurrentClassLoader.java:396)
	at org.jboss.modules.ConcurrentClassLoader.loadClass(ConcurrentClassLoader.java:115)
	... 51 more

2024-12-05 04:50:59,090 INFO  [org.jboss.as.server] (Thread-1) WFLYSRV0272: Suspending server
2024-12-05 04:50:59,101 INFO  [org.jboss.as.ejb3] (Thread-1) WFLYEJB0493: Jakarta Enterprise Beans subsystem suspension complete
2024-12-05 04:50:59,103 INFO  [org.jboss.as.server] (Thread-1) WFLYSRV0220: Server shutdown has been requested via an OS signal
2024-12-05 04:50:59,119 INFO  [org.jboss.as.mail.extension] (MSC service thread 1-7) WFLYMAIL0002: Unbound mail session [java:jboss/mail/Default]
2024-12-05 04:50:59,121 INFO  [org.wildfly.extension.undertow] (ServerService Thread Pool -- 81) WFLYUT0022: Unregistered web context: '/Laba2' from server 'default-server'
2024-12-05 04:50:59,130 INFO  [org.wildfly.extension.undertow] (MSC service thread 1-2) WFLYUT0019: Host default-host stopping
2024-12-05 04:50:59,130 INFO  [org.jboss.as.connector.subsystems.datasources] (MSC service thread 1-8) WFLYJCA0010: Unbound data source [java:jboss/datasources/ExampleDS]
2024-12-05 04:50:59,132 INFO  [org.jboss.as.connector.deployers.jdbc] (MSC service thread 1-2) WFLYJCA0019: Stopped Driver service with driver-name = h2
2024-12-05 04:50:59,145 INFO  [org.wildfly.extension.undertow] (MSC service thread 1-5) WFLYUT0008: Undertow HTTPS listener https suspending
2024-12-05 04:50:59,145 INFO  [org.wildfly.extension.undertow] (MSC service thread 1-7) WFLYUT0008: Undertow HTTP listener default suspending
2024-12-05 04:50:59,146 INFO  [org.wildfly.extension.undertow] (MSC service thread 1-5) WFLYUT0007: Undertow HTTPS listener https stopped, was bound to 0.0.0.0:23012
2024-12-05 04:50:59,146 INFO  [org.wildfly.extension.undertow] (MSC service thread 1-7) WFLYUT0007: Undertow HTTP listener default stopped, was bound to 0.0.0.0:22012
2024-12-05 04:50:59,146 INFO  [org.wildfly.extension.undertow] (MSC service thread 1-3) WFLYUT0004: Undertow 2.3.18.Final stopping
2024-12-05 04:50:59,155 INFO  [org.jboss.as.server.deployment] (MSC service thread 1-1) WFLYSRV0028: Stopped deployment Laba2.war (runtime-name: Laba2.war) in 46ms
2024-12-05 04:50:59,159 INFO  [org.jboss.as] (MSC service thread 1-2) WFLYSRV0050: WildFly 34.0.1.Final (WildFly Core 26.0.1.Final) stopped in 50ms
2024-12-05 04:51:16,449 INFO  [org.jboss.modules] (main) JBoss Modules version 2.1.5.Final
2024-12-05 04:51:16,911 INFO  [org.jboss.msc] (main) JBoss MSC version 1.5.5.Final
2024-12-05 04:51:16,914 INFO  [org.jboss.threads] (main) JBoss Threads version 2.4.0.Final
2024-12-05 04:51:16,955 INFO  [org.jboss.as] (MSC service thread 1-1) WFLYSRV0049: WildFly 34.0.1.Final (WildFly Core 26.0.1.Final) starting
2024-12-05 04:51:16,956 DEBUG [org.jboss.as.config] (MSC service thread 1-1) Configured system properties:
	[Standalone] = 
	apple.awt.application.name = Main
	file.encoding = UTF-8
	file.separator = /
	java.awt.headless = true
	java.class.path = /Users/main/Documents/GitHub/Web-Programming/Laba2/wildfly-34.0.1.Final/jboss-modules.jar
	java.class.version = 67.0
	java.home = /Users/main/Library/Java/JavaVirtualMachines/openjdk-23/Contents/Home
	java.io.tmpdir = /var/folders/ds/zwbkmf6j2x98w6ym14xpxl7w0000gn/T/
	java.library.path = /Users/main/Library/Java/Extensions:/Library/Java/Extensions:/Network/Library/Java/Extensions:/System/Library/Java/Extensions:/usr/lib/java:.
	java.net.preferIPv4Stack = true
	java.runtime.name = OpenJDK Runtime Environment
	java.runtime.version = 23+37-2369
	java.security.manager = allow
	java.specification.name = Java Platform API Specification
	java.specification.vendor = Oracle Corporation
	java.specification.version = 23
	java.util.logging.manager = org.jboss.logmanager.LogManager
	java.vendor = Oracle Corporation
	java.vendor.url = https://java.oracle.com/
	java.vendor.url.bug = https://bugreport.java.com/bugreport/
	java.version = 23
	java.version.date = 2024-09-17
	java.vm.compressedOopsMode = Zero based
	java.vm.info = mixed mode, sharing
	java.vm.name = OpenJDK 64-Bit Server VM
	java.vm.specification.name = Java Virtual Machine Specification
	java.vm.specification.vendor = Oracle Corporation
	java.vm.specification.version = 23
	java.vm.vendor = Oracle Corporation
	java.vm.version = 23+37-2369
	javax.management.builder.initial = org.jboss.as.jmx.PluggableMBeanServerBuilder
	jboss.home.dir = /Users/main/Documents/GitHub/Web-Programming/Laba2/wildfly-34.0.1.Final
	jboss.host.name = macbook-air-vladsmorodin
	jboss.modules.system.pkgs = org.jboss.byteman
	jboss.node.name = macbook-air-vladsmorodin
	jboss.qualified.host.name = macbook-air-vladsmorodin.local
	jboss.server.base.dir = /Users/main/Documents/GitHub/Web-Programming/Laba2/wildfly-34.0.1.Final/standalone
	jboss.server.config.dir = /Users/main/Documents/GitHub/Web-Programming/Laba2/wildfly-34.0.1.Final/standalone/configuration
	jboss.server.data.dir = /Users/main/Documents/GitHub/Web-Programming/Laba2/wildfly-34.0.1.Final/standalone/data
	jboss.server.log.dir = /Users/main/Documents/GitHub/Web-Programming/Laba2/wildfly-34.0.1.Final/standalone/log
	jboss.server.name = macbook-air-vladsmorodin
	jboss.server.persist.config = true
	jboss.server.temp.dir = /Users/main/Documents/GitHub/Web-Programming/Laba2/wildfly-34.0.1.Final/standalone/tmp
	jdk.debug = release
	jdk.serialFilter = maxbytes=10485760;maxdepth=128;maxarray=100000;maxrefs=300000
	line.separator = 

	logging.configuration = file:/Users/main/Documents/GitHub/Web-Programming/Laba2/wildfly-34.0.1.Final/standalone/configuration/logging.properties
	module.path = /Users/main/Documents/GitHub/Web-Programming/Laba2/wildfly-34.0.1.Final/modules
	native.encoding = UTF-8
	org.jboss.boot.log.file = /Users/main/Documents/GitHub/Web-Programming/Laba2/wildfly-34.0.1.Final/standalone/log/server.log
	org.jboss.resolver.warning = true
	os.arch = aarch64
	os.name = Mac OS X
	os.version = 14.3.1
	path.separator = :
	stderr.encoding = UTF-8
	stdout.encoding = UTF-8
	sun.arch.data.model = 64
	sun.boot.library.path = /Users/main/Library/Java/JavaVirtualMachines/openjdk-23/Contents/Home/lib
	sun.cpu.endian = little
	sun.io.unicode.encoding = UnicodeBig
	sun.java.command = /Users/main/Documents/GitHub/Web-Programming/Laba2/wildfly-34.0.1.Final/jboss-modules.jar -mp /Users/main/Documents/GitHub/Web-Programming/Laba2/wildfly-34.0.1.Final/modules org.jboss.as.standalone -Djboss.home.dir=/Users/main/Documents/GitHub/Web-Programming/Laba2/wildfly-34.0.1.Final -Djboss.server.base.dir=/Users/main/Documents/GitHub/Web-Programming/Laba2/wildfly-34.0.1.Final/standalone
	sun.java.launcher = SUN_STANDARD
	sun.jnu.encoding = UTF-8
	sun.management.compiler = HotSpot 64-Bit Tiered Compilers
	user.country = RU
	user.dir = /Users/main/Documents/GitHub/Web-Programming/Laba2/wildfly-34.0.1.Final/bin
	user.home = /Users/main
	user.language = ru
	user.name = main
	user.timezone = Europe/Moscow
2024-12-05 04:51:16,956 DEBUG [org.jboss.as.config] (MSC service thread 1-1) VM Arguments: -D[Standalone] -Djdk.serialFilter=maxbytes=10485760;maxdepth=128;maxarray=100000;maxrefs=300000 -Xms64m -Xmx512m -XX:MetaspaceSize=96M -XX:MaxMetaspaceSize=256m -Djava.net.preferIPv4Stack=true -Djboss.modules.system.pkgs=org.jboss.byteman -Djava.awt.headless=true --add-exports=java.desktop/sun.awt=ALL-UNNAMED --add-exports=java.naming/com.sun.jndi.ldap=ALL-UNNAMED --add-exports=java.naming/com.sun.jndi.url.ldap=ALL-UNNAMED --add-exports=java.naming/com.sun.jndi.url.ldaps=ALL-UNNAMED --add-exports=jdk.naming.dns/com.sun.jndi.dns=ALL-UNNAMED --add-opens=java.base/java.lang=ALL-UNNAMED --add-opens=java.base/java.lang.invoke=ALL-UNNAMED --add-opens=java.base/java.lang.reflect=ALL-UNNAMED --add-opens=java.base/java.io=ALL-UNNAMED --add-opens=java.base/java.net=ALL-UNNAMED --add-opens=java.base/java.security=ALL-UNNAMED --add-opens=java.base/java.util=ALL-UNNAMED --add-opens=java.base/java.util.concurrent=ALL-UNNAMED --add-opens=java.management/javax.management=ALL-UNNAMED --add-opens=java.naming/javax.naming=ALL-UNNAMED -Djava.security.manager=allow -Dorg.jboss.boot.log.file=/Users/main/Documents/GitHub/Web-Programming/Laba2/wildfly-34.0.1.Final/standalone/log/server.log -Dlogging.configuration=file:/Users/main/Documents/GitHub/Web-Programming/Laba2/wildfly-34.0.1.Final/standalone/configuration/logging.properties 
2024-12-05 04:51:17,263 INFO  [org.wildfly.security] (Controller Boot Thread) ELY00001: WildFly Elytron version 2.6.0.Final
2024-12-05 04:51:17,459 INFO  [org.jboss.as.repository] (ServerService Thread Pool -- 19) WFLYDR0001: Content added at location /Users/main/Documents/GitHub/Web-Programming/Laba2/wildfly-34.0.1.Final/standalone/data/content/d0/17bef38b5fd62ff35610e86e2a7a732ddab62d/content
2024-12-05 04:51:17,470 INFO  [org.jboss.as.server] (Controller Boot Thread) WFLYSRV0039: Creating http management service using socket-binding (management-http)
2024-12-05 04:51:17,475 INFO  [org.xnio] (MSC service thread 1-8) XNIO version 3.8.16.Final
2024-12-05 04:51:17,478 INFO  [org.xnio.nio] (MSC service thread 1-8) XNIO NIO Implementation Version 3.8.16.Final
2024-12-05 04:51:17,487 INFO  [org.wildfly.extension.elytron.oidc._private] (ServerService Thread Pool -- 53) WFLYOIDC0001: Activating WildFly Elytron OIDC Subsystem
2024-12-05 04:51:17,489 INFO  [org.jboss.as.clustering.infinispan] (ServerService Thread Pool -- 55) WFLYCLINF0001: Activating Infinispan subsystem.
2024-12-05 04:51:17,491 INFO  [org.wildfly.extension.health] (ServerService Thread Pool -- 54) WFLYHEALTH0001: Activating Base Health Subsystem
2024-12-05 04:51:17,491 INFO  [org.wildfly.extension.io] (ServerService Thread Pool -- 56) WFLYIO001: Worker 'default' has auto-configured to 16 IO threads with 128 max task threads based on your 8 available processors
2024-12-05 04:51:17,496 INFO  [org.wildfly.extension.microprofile.jwt.smallrye] (ServerService Thread Pool -- 66) WFLYJWT0001: Activating MicroProfile JWT Subsystem
2024-12-05 04:51:17,497 INFO  [org.wildfly.extension.microprofile.config.smallrye] (ServerService Thread Pool -- 65) WFLYCONF0001: Activating MicroProfile Config Subsystem
2024-12-05 04:51:17,500 INFO  [org.jboss.as.naming] (ServerService Thread Pool -- 67) WFLYNAM0001: Activating Naming Subsystem
2024-12-05 04:51:17,502 INFO  [org.wildfly.extension.metrics] (ServerService Thread Pool -- 64) WFLYMETRICS0001: Activating Base Metrics Subsystem
2024-12-05 04:51:17,502 INFO  [org.jboss.as.jsf] (ServerService Thread Pool -- 62) WFLYJSF0007: Activated the following Jakarta Server Faces Implementations: [main]
2024-12-05 04:51:17,505 INFO  [org.jboss.as.connector] (MSC service thread 1-5) WFLYJCA0009: Starting Jakarta Connectors Subsystem (WildFly/IronJacamar 3.0.10.Final)
2024-12-05 04:51:17,506 INFO  [org.jboss.as.server.deployment] (MSC service thread 1-1) WFLYSRV0027: Starting deployment of "Laba2.war" (runtime-name: "Laba2.war")
2024-12-05 04:51:17,507 INFO  [org.jboss.as.jaxrs] (ServerService Thread Pool -- 57) WFLYRS0016: RESTEasy version 6.2.11.Final
2024-12-05 04:51:17,514 WARN  [org.jboss.as.txn] (ServerService Thread Pool -- 74) WFLYTX0013: The node-identifier attribute on the /subsystem=transactions is set to the default value. This is a danger for environments running multiple servers. Please make sure the attribute value is unique.
2024-12-05 04:51:17,520 INFO  [org.jboss.as.connector.subsystems.datasources] (ServerService Thread Pool -- 44) WFLYJCA0004: Deploying JDBC-compliant driver class org.h2.Driver (version 2.2)
2024-12-05 04:51:17,522 INFO  [org.jboss.as.webservices] (ServerService Thread Pool -- 76) WFLYWS0002: Activating WebServices Extension
2024-12-05 04:51:17,528 INFO  [org.jboss.remoting] (MSC service thread 1-8) JBoss Remoting version 5.0.29.Final
2024-12-05 04:51:17,531 INFO  [org.jboss.as.connector.deployers.jdbc] (MSC service thread 1-5) WFLYJCA0018: Started Driver service with driver-name = h2
2024-12-05 04:51:17,535 INFO  [org.jboss.as.naming] (MSC service thread 1-2) WFLYNAM0003: Starting Naming Service
2024-12-05 04:51:17,536 INFO  [org.jboss.as.mail.extension] (MSC service thread 1-2) WFLYMAIL0001: Bound mail session [java:jboss/mail/Default]
2024-12-05 04:51:17,540 WARN  [org.wildfly.extension.elytron] (MSC service thread 1-5) WFLYELY00023: KeyStore file '/Users/main/Documents/GitHub/Web-Programming/Laba2/wildfly-34.0.1.Final/standalone/configuration/application.keystore' does not exist. Used blank.
2024-12-05 04:51:17,546 WARN  [org.wildfly.extension.elytron] (MSC service thread 1-1) WFLYELY01084: KeyStore /Users/main/Documents/GitHub/Web-Programming/Laba2/wildfly-34.0.1.Final/standalone/configuration/application.keystore not found, it will be auto-generated on first use with a self-signed certificate for host localhost
2024-12-05 04:51:17,560 INFO  [org.wildfly.extension.undertow] (MSC service thread 1-3) WFLYUT0003: Undertow 2.3.18.Final starting
2024-12-05 04:51:17,575 INFO  [org.jboss.as.ejb3] (MSC service thread 1-6) WFLYEJB0481: Strict pool slsb-strict-max-pool is using a max instance size of 128 (per class), which is derived from thread worker pool sizing.
2024-12-05 04:51:17,575 INFO  [org.jboss.as.ejb3] (MSC service thread 1-3) WFLYEJB0482: Strict pool mdb-strict-max-pool is using a max instance size of 32 (per class), which is derived from the number of CPUs on this host.
2024-12-05 04:51:17,586 INFO  [org.wildfly.extension.undertow] (ServerService Thread Pool -- 75) WFLYUT0014: Creating file handler for path '/Users/main/Documents/GitHub/Web-Programming/Laba2/wildfly-34.0.1.Final/welcome-content' with options [directory-listing: 'false', follow-symlink: 'false', case-sensitive: 'true', safe-symlink-paths: '[]']
2024-12-05 04:51:17,594 INFO  [org.wildfly.extension.undertow] (MSC service thread 1-5) WFLYUT0012: Started server default-server.
2024-12-05 04:51:17,595 INFO  [org.wildfly.extension.undertow] (MSC service thread 1-2) Queuing requests.
2024-12-05 04:51:17,596 INFO  [org.wildfly.extension.undertow] (MSC service thread 1-2) WFLYUT0018: Host default-host starting
2024-12-05 04:51:17,632 INFO  [org.wildfly.extension.undertow] (MSC service thread 1-5) WFLYUT0006: Undertow HTTP listener default listening on 0.0.0.0:22012
2024-12-05 04:51:17,642 INFO  [org.wildfly.extension.undertow] (MSC service thread 1-3) WFLYUT0006: Undertow HTTPS listener https listening on 0.0.0.0:23012
2024-12-05 04:51:17,643 INFO  [org.jboss.as.ejb3] (MSC service thread 1-3) WFLYEJB0493: Jakarta Enterprise Beans subsystem suspension complete
2024-12-05 04:51:17,648 INFO  [org.jboss.as.server.deployment.scanner] (MSC service thread 1-8) WFLYDS0013: Started FileSystemDeploymentService for directory /Users/main/Documents/GitHub/Web-Programming/Laba2/wildfly-34.0.1.Final/standalone/deployments
2024-12-05 04:51:17,668 INFO  [org.jboss.as.connector.subsystems.datasources] (MSC service thread 1-1) WFLYJCA0001: Bound data source [java:jboss/datasources/ExampleDS]
2024-12-05 04:51:17,686 INFO  [org.jboss.ws.common.management] (MSC service thread 1-6) JBWS022052: Starting JBossWS 7.2.0.Final (Apache CXF 4.0.5) 
2024-12-05 04:51:18,072 INFO  [org.wildfly.extension.undertow] (ServerService Thread Pool -- 80) WFLYUT0021: Registered web context: '/Laba2' for server 'default-server'
2024-12-05 04:51:18,092 INFO  [org.jboss.as.server] (ServerService Thread Pool -- 45) WFLYSRV0010: Deployed "Laba2.war" (runtime-name : "Laba2.war")
2024-12-05 04:51:18,107 INFO  [org.jboss.as.server] (Controller Boot Thread) WFLYSRV0212: Resuming server
2024-12-05 04:51:18,110 INFO  [org.jboss.as] (Controller Boot Thread) WFLYSRV0060: Http management interface listening on http://127.0.0.1:24012/management
2024-12-05 04:51:18,110 INFO  [org.jboss.as] (Controller Boot Thread) WFLYSRV0051: Admin console listening on http://127.0.0.1:24012
2024-12-05 04:51:18,111 INFO  [org.jboss.as] (Controller Boot Thread) WFLYSRV0025: WildFly 34.0.1.Final (WildFly Core 26.0.1.Final) started in 1956ms - Started 407 of 613 services (327 services are lazy, passive or on-demand) - Server configuration file in use: standalone.xml - Minimum feature stability level: community
2024-12-05 04:51:32,872 ERROR [io.undertow.request] (default task-1) UT005023: Exception handling request to /Laba2/ControllerServlet: java.lang.NoClassDefFoundError: com/sun/net/httpserver/HttpHandler
	at deployment.Laba2.war//utils.MetricsHandler.initialize(MetricsHandler.java:29)
	at deployment.Laba2.war//servlets.ControllerServlet.init(ControllerServlet.java:18)
	at jakarta.servlet.api@6.0.0//jakarta.servlet.GenericServlet.init(GenericServlet.java:178)
	at jakarta.servlet.api@6.0.0//jakarta.servlet.http.HttpServlet.init(HttpServlet.java:107)
	at io.undertow.servlet@2.3.18.Final//io.undertow.servlet.core.LifecyleInterceptorInvocation.proceed(LifecyleInterceptorInvocation.java:117)
	at org.wildfly.security.elytron-web.undertow-server-servlet@4.1.0.Final//org.wildfly.elytron.web.undertow.server.servlet.RunAsLifecycleInterceptor.doIt(RunAsLifecycleInterceptor.java:70)
	at org.wildfly.security.elytron-web.undertow-server-servlet@4.1.0.Final//org.wildfly.elytron.web.undertow.server.servlet.RunAsLifecycleInterceptor.init(RunAsLifecycleInterceptor.java:76)
	at io.undertow.servlet@2.3.18.Final//io.undertow.servlet.core.LifecyleInterceptorInvocation.proceed(LifecyleInterceptorInvocation.java:103)
	at io.undertow.servlet@2.3.18.Final//io.undertow.servlet.core.ManagedServlet$DefaultInstanceStrategy.start(ManagedServlet.java:304)
	at io.undertow.servlet@2.3.18.Final//io.undertow.servlet.core.ManagedServlet.forceInit(ManagedServlet.java:207)
	at io.undertow.servlet@2.3.18.Final//io.undertow.servlet.handlers.ServletChain.forceInit(ServletChain.java:130)
	at io.undertow.servlet@2.3.18.Final//io.undertow.servlet.handlers.ServletChain$1.handleRequest(ServletChain.java:63)
	at io.undertow.servlet@2.3.18.Final//io.undertow.servlet.handlers.ServletDispatchingHandler.handleRequest(ServletDispatchingHandler.java:36)
	at org.wildfly.security.elytron-web.undertow-server@4.1.0.Final//org.wildfly.elytron.web.undertow.server.ElytronRunAsHandler.lambda$handleRequest$1(ElytronRunAsHandler.java:68)
	at org.wildfly.security.elytron-base@2.6.0.Final//org.wildfly.security.auth.server.FlexibleIdentityAssociation.runAsFunctionEx(FlexibleIdentityAssociation.java:103)
	at org.wildfly.security.elytron-base@2.6.0.Final//org.wildfly.security.auth.server.Scoped.runAsFunctionEx(Scoped.java:161)
	at org.wildfly.security.elytron-base@2.6.0.Final//org.wildfly.security.auth.server.Scoped.runAs(Scoped.java:73)
	at org.wildfly.security.elytron-web.undertow-server@4.1.0.Final//org.wildfly.elytron.web.undertow.server.ElytronRunAsHandler.handleRequest(ElytronRunAsHandler.java:67)
	at io.undertow.servlet@2.3.18.Final//io.undertow.servlet.handlers.RedirectDirHandler.handleRequest(RedirectDirHandler.java:68)
	at io.undertow.servlet@2.3.18.Final//io.undertow.servlet.handlers.security.SSLInformationAssociationHandler.handleRequest(SSLInformationAssociationHandler.java:117)
	at io.undertow.servlet@2.3.18.Final//io.undertow.servlet.handlers.security.ServletAuthenticationCallHandler.handleRequest(ServletAuthenticationCallHandler.java:57)
	at io.undertow.core@2.3.18.Final//io.undertow.server.handlers.PredicateHandler.handleRequest(PredicateHandler.java:43)
	at io.undertow.core@2.3.18.Final//io.undertow.security.handlers.AbstractConfidentialityHandler.handleRequest(AbstractConfidentialityHandler.java:46)
	at io.undertow.servlet@2.3.18.Final//io.undertow.servlet.handlers.security.ServletConfidentialityConstraintHandler.handleRequest(ServletConfidentialityConstraintHandler.java:64)
	at io.undertow.core@2.3.18.Final//io.undertow.security.handlers.AbstractSecurityContextAssociationHandler.handleRequest(AbstractSecurityContextAssociationHandler.java:43)
	at org.wildfly.security.elytron-web.undertow-server-servlet@4.1.0.Final//org.wildfly.elytron.web.undertow.server.servlet.CleanUpHandler.handleRequest(CleanUpHandler.java:38)
	at io.undertow.core@2.3.18.Final//io.undertow.server.handlers.PredicateHandler.handleRequest(PredicateHandler.java:43)
	at org.wildfly.extension.undertow@34.0.1.Final//org.wildfly.extension.undertow.security.jacc.JACCContextIdHandler.handleRequest(JACCContextIdHandler.java:44)
	at io.undertow.core@2.3.18.Final//io.undertow.server.handlers.PredicateHandler.handleRequest(PredicateHandler.java:43)
	at org.wildfly.extension.undertow@34.0.1.Final//org.wildfly.extension.undertow.deployment.GlobalRequestControllerHandler.handleRequest(GlobalRequestControllerHandler.java:51)
	at io.undertow.servlet@2.3.18.Final//io.undertow.servlet.handlers.SendErrorPageHandler.handleRequest(SendErrorPageHandler.java:52)
	at io.undertow.core@2.3.18.Final//io.undertow.server.handlers.PredicateHandler.handleRequest(PredicateHandler.java:43)
	at io.undertow.servlet@2.3.18.Final//io.undertow.servlet.handlers.ServletInitialHandler.handleFirstRequest(ServletInitialHandler.java:276)
	at io.undertow.servlet@2.3.18.Final//io.undertow.servlet.handlers.ServletInitialHandler$2.call(ServletInitialHandler.java:135)
	at io.undertow.servlet@2.3.18.Final//io.undertow.servlet.handlers.ServletInitialHandler$2.call(ServletInitialHandler.java:132)
	at io.undertow.servlet@2.3.18.Final//io.undertow.servlet.core.ServletRequestContextThreadSetupAction$1.call(ServletRequestContextThreadSetupAction.java:48)
	at io.undertow.servlet@2.3.18.Final//io.undertow.servlet.core.ContextClassLoaderSetupAction$1.call(ContextClassLoaderSetupAction.java:43)
	at org.wildfly.extension.undertow@34.0.1.Final//org.wildfly.extension.undertow.deployment.UndertowDeploymentInfoService$UndertowThreadSetupAction.lambda$create$0(UndertowDeploymentInfoService.java:1421)
	at org.wildfly.extension.undertow@34.0.1.Final//org.wildfly.extension.undertow.deployment.UndertowDeploymentInfoService$UndertowThreadSetupAction.lambda$create$0(UndertowDeploymentInfoService.java:1421)
	at org.wildfly.extension.undertow@34.0.1.Final//org.wildfly.extension.undertow.deployment.UndertowDeploymentInfoService$UndertowThreadSetupAction.lambda$create$0(UndertowDeploymentInfoService.java:1421)
	at org.wildfly.extension.undertow@34.0.1.Final//org.wildfly.extension.undertow.deployment.UndertowDeploymentInfoService$UndertowThreadSetupAction.lambda$create$0(UndertowDeploymentInfoService.java:1421)
	at io.undertow.servlet@2.3.18.Final//io.undertow.servlet.handlers.ServletInitialHandler.dispatchRequest(ServletInitialHandler.java:256)
	at io.undertow.servlet@2.3.18.Final//io.undertow.servlet.handlers.ServletInitialHandler$1.handleRequest(ServletInitialHandler.java:101)
	at io.undertow.core@2.3.18.Final//io.undertow.server.Connectors.executeRootHandler(Connectors.java:395)
	at io.undertow.core@2.3.18.Final//io.undertow.server.HttpServerExchange$1.run(HttpServerExchange.java:861)
	at org.jboss.threads@2.4.0.Final//org.jboss.threads.ContextClassLoaderSavingRunnable.run(ContextClassLoaderSavingRunnable.java:35)
	at org.jboss.threads@2.4.0.Final//org.jboss.threads.EnhancedQueueExecutor.safeRun(EnhancedQueueExecutor.java:1990)
	at org.jboss.threads@2.4.0.Final//org.jboss.threads.EnhancedQueueExecutor$ThreadBody.doRunTask(EnhancedQueueExecutor.java:1486)
	at org.jboss.threads@2.4.0.Final//org.jboss.threads.EnhancedQueueExecutor$ThreadBody.run(EnhancedQueueExecutor.java:1377)
	at org.jboss.xnio@3.8.16.Final//org.xnio.XnioWorker$WorkerThreadFactory$1$1.run(XnioWorker.java:1282)
	at java.base/java.lang.Thread.run(Thread.java:1575)
Caused by: java.lang.ClassNotFoundException: com.sun.net.httpserver.HttpHandler from [Module "deployment.Laba2.war" from Service Module Loader]
	at org.jboss.modules.ModuleClassLoader.findClass(ModuleClassLoader.java:200)
	at org.jboss.modules.ConcurrentClassLoader.performLoadClassUnchecked(ConcurrentClassLoader.java:408)
	at org.jboss.modules.ConcurrentClassLoader.performLoadClass(ConcurrentClassLoader.java:396)
	at org.jboss.modules.ConcurrentClassLoader.loadClass(ConcurrentClassLoader.java:115)
	... 51 more

2024-12-05 04:53:32,361 INFO  [org.jboss.as.server] (Thread-1) WFLYSRV0272: Suspending server
2024-12-05 04:53:32,373 INFO  [org.jboss.as.ejb3] (Thread-1) WFLYEJB0493: Jakarta Enterprise Beans subsystem suspension complete
2024-12-05 04:53:32,376 INFO  [org.jboss.as.server] (Thread-1) WFLYSRV0220: Server shutdown has been requested via an OS signal
2024-12-05 04:53:32,389 INFO  [org.wildfly.extension.undertow] (ServerService Thread Pool -- 84) WFLYUT0022: Unregistered web context: '/Laba2' from server 'default-server'
2024-12-05 04:53:32,392 INFO  [org.jboss.as.mail.extension] (MSC service thread 1-5) WFLYMAIL0002: Unbound mail session [java:jboss/mail/Default]
2024-12-05 04:53:32,405 INFO  [org.wildfly.extension.undertow] (MSC service thread 1-1) WFLYUT0019: Host default-host stopping
2024-12-05 04:53:32,407 INFO  [org.jboss.as.connector.subsystems.datasources] (MSC service thread 1-8) WFLYJCA0010: Unbound data source [java:jboss/datasources/ExampleDS]
2024-12-05 04:53:32,408 INFO  [org.jboss.as.connector.deployers.jdbc] (MSC service thread 1-1) WFLYJCA0019: Stopped Driver service with driver-name = h2
2024-12-05 04:53:32,423 INFO  [org.wildfly.extension.undertow] (MSC service thread 1-8) WFLYUT0008: Undertow HTTPS listener https suspending
2024-12-05 04:53:32,423 INFO  [org.wildfly.extension.undertow] (MSC service thread 1-2) WFLYUT0008: Undertow HTTP listener default suspending
2024-12-05 04:53:32,424 INFO  [org.wildfly.extension.undertow] (MSC service thread 1-8) WFLYUT0007: Undertow HTTPS listener https stopped, was bound to 0.0.0.0:23012
2024-12-05 04:53:32,424 INFO  [org.wildfly.extension.undertow] (MSC service thread 1-2) WFLYUT0007: Undertow HTTP listener default stopped, was bound to 0.0.0.0:22012
2024-12-05 04:53:32,425 INFO  [org.wildfly.extension.undertow] (MSC service thread 1-6) WFLYUT0004: Undertow 2.3.18.Final stopping
2024-12-05 04:53:32,430 INFO  [org.jboss.as.server.deployment] (MSC service thread 1-5) WFLYSRV0028: Stopped deployment Laba2.war (runtime-name: Laba2.war) in 48ms
2024-12-05 04:53:32,434 INFO  [org.jboss.as] (MSC service thread 1-7) WFLYSRV0050: WildFly 34.0.1.Final (WildFly Core 26.0.1.Final) stopped in 51ms
